text,true_label,predicted_label,prob_fake,source_dataset,length_bin
says mitt romney put planned parenthood on a state medical board but failed to put a pro-life group on the same board.,0,1,0.5549341440200806,liar,100-200
"says the new york giants train in new jersey, they play in new jersey and most of their players live in new jersey.",0,1,0.5332232713699341,liar,100-200
"says president barack obama gives students the right to repay (federal) loans as a clear, fixed, low percentage of their income for up to 20 years.",0,1,0.6085343956947327,liar,100-200
"whether the amendment passes or not, the medical use of marijuana is a federal criminal offense.",0,1,0.7038962841033936,liar,50-100
says david jollys former firm lobbied for hundreds of millions (of dollars) for a dictator in pakistan.,0,1,0.6357729434967041,liar,100-200
jim renacci cheated on his income taxes and is a deadbeat citizen.,0,1,0.6105287671089172,liar,50-100
"says under the senate immigration bill, newly legalized immigrants will pay every tax possible, but you dont get a single benefit for 10 years.",0,1,0.6878326535224915,liar,100-200
"on u.s.-israeli relations, prime minister benjamin netanyahu set the record straight he said, our two countries have exactly the same policy (and) our security cooperation is unprecedented.",0,1,0.5803647041320801,liar,100-200
"in 2010, 2,694 young people were killed by gunfire. 1,773 were victims of homicide; 67 were elementary school-age children.",0,1,0.6179400086402893,liar,100-200
"on the day that (the republican) state leader resigned in disgrace, a shred-it' truck rolled up to republican headquarters.",0,1,0.5962815284729004,liar,100-200
a tax on soda and juice drinks would disproportionately increase taxes on low-income families in philadelphia.,0,1,0.5528625845909119,liar,100-200
guantanamo detainees get taxpayer-paid-for prayer rugsthey had honey-glazed chicken and rice pilaf.,0,1,0.6960427165031433,liar,50-100
mitt romney said it was tragic to end the war in iraq.,0,1,0.5193495154380798,liar,50-100
on federal stimulus money for expanding rail service.,0,1,0.7844979166984558,liar,50-100
kelly ayotte has voted to defund planned parenthood six times.,0,1,0.5960871577262878,liar,50-100
a gay man who survived #orlando hate crime can still show up to work in fl tomorrow and have his boss fire him simply because he is gay.,0,1,0.6503311991691589,liar,100-200
the paris agreement is by far the largest number of countries ever to sign an international agreement on a single day.,0,1,0.5644572973251343,liar,100-200
"kim myers voted repeatedly to raise taxes on the people of broome county, but made millions off of tax savings when her family business relocated its headquarters.",0,1,0.6221981644630432,liar,100-200
"top u.s. intelligence officials have toldevery member of congress, including the president, were about to be attacked in a serious way because (of) the threat emanating from syria and iraq.",0,1,0.6438419818878174,liar,100-200
mccain opposes repeal of the death tax.,0,1,0.674014151096344,liar,0-50
says donald trump claimed our armed forces are a disaster.,0,1,0.5879849791526794,liar,50-100
"taxpayers pay $18,000 a month for house speaker nancy pelosis district office in downtown san francisco.",0,1,0.7282121777534485,liar,100-200
"says milwaukee county spent over $170,000 in salaries in 2010 for employees to participate in union activities such as collective bargaining.",0,1,0.5449551343917847,liar,100-200
says the obama administration has fulfilled all of texas requests for fire management assisting grants.,0,1,0.6322763562202454,liar,100-200
the last time republicans held hostage a resolution to ensure that our countrys bills were paid cost us more than $1 billion in added interest and slowed the economic recovery.,0,1,0.5015466809272766,liar,100-200
says up to a quarter of african americans dont have government photo id.,0,1,0.6351695656776428,liar,50-100
"long-term federal investment in u.s. airports is urgent because there was a recent survey of the top airports in the world, and there was not a single u.s. airport that came in the top 25.",0,1,0.5382821559906006,liar,100-200
"hillary clinton said this year's election will impact the next 50 years of america. | ap photo clinton: ‘the next 50 days will determine the next 50 years’ hillary clinton on tuesday warned that the nearly 50-day sprint to election day will impact far more than just the next four or eight years. making an appeal to black voters during an interview on the “steve harvey morning show,” clinton stressed that voters can’t sit this one out. story continued below “every issue they care about is at stake in this election,” clinton said. “this is not: ‘oh, you know, a little here, a little there. we can — you know, we can take it, no matter who wins.’ no. the next 50 days will determine the next 50 years, and i say that absolutely seriously.” the former secretary of state said she hopes everyone is registered to vote and directed listeners to a website to find out whether they’re registered “because i need you.” “we gotta stand up and be counted in this election,” she added. clinton’s comments come after president barack obama made an appeal on clinton's and his own behalf in an address to the congressional black caucus foundation on saturday. “my name may not be on the ballot, but our progress is on the ballot,” obama said. “tolerance is on the ballot. democracy is on the ballot. justice is on the ballot. good schools are on the ballot. ending mass incarceration, that’s on the ballot right now.” but up next on the docket is the first presidential debate between clinton and trump on monday in new york, where the former senator expects to absorb a bunch of body blows from an aggressive foe. “i am going to do my very best to communicate as clearly and fearlessly as i can in the face of the insults and the attacks and the bullying and bigotry that we’ve seen coming from my opponent,” she said. “you know, i can take it, steve. i can take that kind of stuff. i’ve been at this and, you know, i understand it’s a contact sport.” what clinton won’t take, though, is any insults toward anyone else. “you know, his attacks on african-americans and immigrants and muslims and women and people with disabilities, it’s just — it’s just something we cannot tolerate,” she said. as clinton wrapped up her interview, trump taunted her on twitter: “hillary clinton is taking the day off again, she needs the rest. sleep well hillary — see you at the debate!” authors:",0,1,0.6280849575996399,fakenewsnet,500-5000
"obama ""won health care for 150,000 people.""",0,1,0.743593156337738,liar,0-50
"if you already have health insurance through your job, or medicare, or medicaid, or the va, nothing in this plan will require you or your employer to change the coverage or the doctor you have.",0,1,0.7742090225219727,liar,100-200
says the states new collective bargaining law effectively eliminates police unions ability to negotiate.,0,1,0.6977346539497375,liar,100-200
i spent only $36.29 on my campaign for governor.,0,1,0.5403294563293457,liar,0-50
the house of delegates budget bill cuts $50 million from education.,0,1,0.5296810865402222,liar,50-100
"the federal consumer financial protection bureau is collecting financial information, monitoring financial information of millions of americans without their knowledge and storing it for up to 10 years.",0,1,0.609840452671051,liar,200-500
"the stimulus includes ""$219,000 to study the sex lives of female college freshmen.""",0,1,0.6484221816062927,liar,50-100
"over 12,000 school kids were arrested in florida. it makes florida the nations leader in that area.",0,1,0.5748286843299866,liar,50-100
"the senate health care bill ""would leave 24 million people without insurance coverage.""",0,1,0.5306540131568909,liar,50-100
"says scott browns carrying some big oil baggage because he collected over $400,000 in campaign contributions.",0,1,0.5081562399864197,liar,100-200
one would have to go back more than a century to find a scenario where a presidents nominee for the supreme court was confirmed by the opposition party in the senate when the vacancy occurred during an election year.,0,1,0.5731493234634399,liar,200-500
"there are 7,000 kids in new hampshire who have health care because i helped to create the children's health insurance program.",0,1,0.6492084264755249,liar,100-200
"barack obama ""extended health care for wounded troops who'd been neglected.""",0,1,0.7952539920806885,liar,50-100
for most black people in the history of this country it was illegal to pass as a white person. you were actually put in jail if you tried to pass.,0,1,0.7005675435066223,liar,100-200
tsa will accept drivers priv cards for id at the airport,0,1,0.7942824959754944,liar,50-100
"says his reform efforts improved performance at all 10 low-performing schools in palm beach, florida.",0,1,0.5184834003448486,liar,100-200
hobby lobby provided this (birth control) coverage before they decided to drop it to file suit.,0,1,0.6415585279464722,liar,50-100
"rubio admitted he ""would have accepted the stimulus money.""",0,1,0.5291061997413635,liar,50-100
iowas republican caucus stopped mattering years ago. it in no way determines the party nominee.,0,1,0.5703549981117249,liar,50-100
"since the democrats stimulus went into effect last year, ohio has lost about 150,000 jobs.",0,1,0.5458397269248962,liar,50-100
"if youre a mexican, you get sent back. ... but if youre from a noncontiguous country like the central american countries then you can stay in the united states.",0,1,0.5795193314552307,liar,100-200
"says the texas forest service planted 6,000 trees in the dallas/fort worth area before the super bowl for unknown reasons at an unknown cost.",0,1,0.5783305168151855,liar,100-200
"quite frankly, it was during the bush years of spending, multiplied now by the obama years that we have this mess.",0,1,0.5802298188209534,liar,100-200
on legalizing illegal immigrants.,0,1,0.899210512638092,liar,0-50
"in 1978, a student who worked a minimum-wage summer job could afford to pay a years full tuition at the 4-year public university of their choice.",0,1,0.5498953461647034,liar,100-200
"while rob portman relies on his super pac and a handful of billionaires to do his dirty work, we dont have a super pac, and quite frankly, we dont want one that spends millions to spew out lies and distortions.",0,1,0.5550809502601624,liar,200-500
"the senate version of the economic stimulus package includes ""millions of dollars to world war ii filipino veterans in the philippines.""",0,1,0.5366516709327698,liar,100-200
americas least-trusted news sources are also its most popular.,0,1,0.6691127419471741,liar,50-100
"under president george w. bush, we added $4.9 trillion to the debt. under president obama weve added $6.5 trillion to the debt.",0,1,0.6326671838760376,liar,100-200
"here in california, donald trump has given $12,000 to jerry brown, gavin newsom and kamala harris.",0,1,0.5713708996772766,liar,50-100
"mccain's ""plan for the economy is to extend george bush's tax cuts for billionaires and give a $100-billion additional corporate tax cut.""",0,1,0.5792027711868286,liar,100-200
california is home to the largest death row populationin the western hemisphere.,0,1,0.662809431552887,liar,50-100
"in a budget deal struck in 2011 a trillion dollars of cuts went into effect immediately, and then a special committee was set up ... to get agreement on another $3 trillion of cuts.",0,1,0.5039297342300415,liar,100-200
ohioans can expect to pay up to 41 percent more for their insurance premiums when obamacare takes effect next year.,0,1,0.5080700516700745,liar,100-200
no member of the american public has ever been killed by commercial nuclear power a record unmatched by other fuels.,0,1,0.5485571622848511,liar,100-200
"the governor is trying to take credit for recent actions taken by these companies. the problem is that for all three companies, the decision to move or stay in new jersey happened before chris christie became governor.",0,1,0.7240030169487,liar,200-500
"41,200 veterans in florida dont have health care because scott didnt expand medicaid.",0,1,0.6179470419883728,liar,50-100
"there is no incontrovertible proof that speed, in and of itself, is the contributing factor to increasing (vehicular) fatalities.",0,1,0.675046443939209,liar,100-200
tourism and retirees are the dominant economic engines in our state.,0,1,0.512291431427002,liar,50-100
more people have been put on food stamps by barack obama than any president in american history.,0,1,0.7154243588447571,liar,50-100
says that the new financial services law requires 358 regulatory filings.,0,1,0.7097530364990234,liar,50-100
"seniors with coverage under medicare advantage will give up ""more than their share"" because of health care reform",0,1,0.6481235027313232,liar,100-200
the mack penny plan for the federal budget would balance our budget by 2019 and continues to gain support.,0,1,0.6129353642463684,liar,100-200
ive been through four campaigns and have not done any negative campaigning.,0,1,0.561980128288269,liar,50-100
president obama has stopped using the phrase war on terror.,0,1,0.6335865259170532,liar,50-100
we ... sold the state airplanes as i had promised.,0,1,0.5201719999313354,liar,50-100
i saved the taxpayers $2-billion on a bogus air force boeing tanker deal where people went to jail.,0,1,0.6062498092651367,liar,50-100
"every taxpayer owes about $130,000 to pay off the national debt.",0,1,0.6187222599983215,liar,50-100
"the new arizona immigration law ""says that any police officer can stop anyone who appears to them to be reasonably suspicious of being an undocumented person.""",0,1,0.7933670878410339,liar,100-200
says hillary clinton once wanted a wall on the mexican border.,0,1,0.8265513777732849,liar,50-100
"not a single banker, a ceo from wall street, anyone from corporate america nobody, (there was) not one arrest of any of these people who brought down the economy in 2008.",0,1,0.6129540801048279,liar,100-200
you see 34 people (are) murdered every single day by gunfire in america.,0,1,0.5022556185722351,liar,50-100
"two years ago providence alone spent $50,000 a year notifying the school department about residents in the states sex offender registry.",0,1,0.5085697174072266,liar,100-200
"deer baiting, planned for block island by dem, is illegal in rhode island.",0,1,0.786625862121582,liar,50-100
federal spending on entitlements is projected to consume all revenue by 2045.,0,1,0.5940073132514954,liar,50-100
we already pay the highest electricity prices in the country here in new england.,0,1,0.6181631684303284,liar,50-100
"as governor, in the face of partisan attacks, (charlie crist) had the courage to save jobs and lead his state into economic recovery.",0,1,0.5420147180557251,liar,100-200
saudi arabia is the only muslim country out of 47 muslim-majority countries where women cannot get licenses to drive.,0,1,0.5503073930740356,liar,100-200
rhode island is at the top of the country for alcohol-related fatalities.,0,1,0.5733609795570374,liar,50-100
"since the stimulus package was passed, ohios lost over 100,000 more jobs.",0,1,0.5534263849258423,liar,50-100
we need to pass a carbon tax to stop climate change. break up the wall street banks. and stop the government spying on innocent americans. cory booker doesnt support any of these ideas.,0,1,0.7186495661735535,liar,100-200
"between austin, san antonio, houston and dallas over 8,000 same-sex couples are raising children.",0,1,0.5085914134979248,liar,50-100
"mccain ""said he was 'stumped' when asked whether contraceptives help stop the spread of hiv.""",0,1,0.6316779255867004,liar,50-100
"rhode island could tell you who has a camper, but we couldnt figure out who has a gun.",0,1,0.5834769010543823,liar,50-100
says donald trump said the u.s. should encourage japan to get nuclear weapons.,0,1,0.6367184519767761,liar,50-100
the orlando shooter used a weapon of war.,0,1,0.5505880117416382,liar,0-50
"kohls department stores in 2012 announced the creation of 3,000 new jobs.",0,1,0.6743685007095337,liar,50-100
virginia democrats recently enforced voter id rules that were considerably more stringent than those contained in the state law they denounce.,0,1,0.5586854815483093,liar,100-200
"were. . . keeping and creating jobs in our state. from american greetings, to wendys, to diebold, weve gone to their doorsteps to keep jobs right here in ohio.",0,1,0.6018812656402588,liar,100-200
people have actually broken down the transcripts for oral arguments and (antonin scalia) told more jokes and got more laughs than any of the other justices.,0,1,0.5013964176177979,liar,100-200
"the day president obama took office, gasoline was $1.79 a gallon.",0,1,0.7256388068199158,liar,50-100
we've got some 37-million of our fellow citizens who are living in poverty; about 12-million or 13-million are children.,0,1,0.5689486861228943,liar,100-200
says scott walkers listening sessions are invite-only and excluding the press.,0,1,0.6474050879478455,liar,50-100
"fleeing syria, a million children are now refugees.",0,1,0.6931354403495789,liar,50-100
"when the dallas/fort worth airport needed to stop its earthquake spike a few years ago, they temporarily shut down the wells that were injecting fracking fluid into the ground ... (and) those earthquakes stopped.",0,1,0.6277357935905457,liar,200-500
says crime is rising in manchester and has gone up 19 percent under mayor ted gatsas.,0,1,0.5341644287109375,liar,50-100
laurie monnes anderson voted to let violent criminals out of jail early.,0,1,0.7155334949493408,liar,50-100
"wrote that in 2006, nancy pelosi said she didnt think capturing osama bin laden makes us any safer, but in 2011 called his killing historic.",0,1,0.6949916481971741,liar,100-200
"says president barack obama came into office very concerned about wiretappings but then he became president of the united states, he got all the briefings (and) he decided the balance is probably pretty appropriately struck.",0,1,0.6617453098297119,liar,200-500
on the importance of judicial experience for supreme court nominees.,0,1,0.5411542654037476,liar,50-100
the university of wisconsin system budget is the biggest it has ever been.,0,1,0.5711096525192261,liar,50-100
"republicans included the akin amendment in the republican party platform, which bans abortion, even for rape victims.",0,1,0.5964192152023315,liar,100-200
"since sept. 11, 2001, 270,000 americans were killed by gunfire at home.",0,1,0.5688943862915039,liar,50-100
"getty images fourth estate in defense of ‘he said/she said’ journalism why we must give the devil his due. the “he said/she said” method of reporting—in which journalists observe the profession’s convention and get at least two sides of every story—has been taking it on the chin ever since new york university journalism professor jay rosen placed it in his gunsights in 2009 and started ack-acking it with regularity. but the ""he said/she said"" debate didn’t move from the margins to the mainstream until last week when the new york times abandoned mechanical balance and published a page one, above-the-fold piece by michael barbaro, shredding donald trump as a pitiful serial liar and obfuscator for his latest “birther” declaration. the times piece elated critics of the ""he said/she"" said construct. in an atlantic piece titled “the death of ‘he said, she said’ journalism,” peter beinart pronounced barbaro’s work a journalistic sea change. trump had broken all the rules of political conduct, beinart stated, and the times had rightly ditched a few of its own. abandoning the usual journalistic etiquette, which calls for mendacious politicians to be described as committing a falsehood when what they’re actually doing is lying, the times piece dealt with trump with “astonishing bluntness,” beinart wrote, repeatedly calling trump’s birther nonsense a “lie.” trump was given no opportunity in the piece to deny the charges, which sits just fine with the ""he said/she said"" critics. story continued below while i consider trump to be a first-rate liar and don’t mind saying so, i’m not convinced that jettisoning the ""he said/she said"" blueprint is such a good idea. every politician lies. if we were to police all politicians in the news pages the way barbaro did trump, it would be entertaining. but political journalism as we know it could expire as profiles and news stories collapsed into spreadsheets grading the truth value of political utterances. isn’t that what the fact-checker columns are for? in his widely applauded critiques of ""he said/she said"" journalism, rosen holds that by reflexively seeking the “other side” of every public dispute and shying away from expressing the truth, the media creates a bogus symmetry between the “he said” voices in a story and the prevaricators serving up the “she said” dissent. “do users really want to be left helpless in sorting out who’s faking it more?” rosen asked, proposing that journalists put a higher premium on seeking truth and avoiding distortion. the ""he said/she said"" structure constitutes “one of the lowest forms of journalism in existence,” he would later remark. donald trump, the thinking goes, has gamed the ""he said/she said"" convention to contaminate the political debate with his lies, obfuscations and double-talk whenever the press seeks comment on an issue, a clarification of something he’s said, or a response to a point raised by his opponent, hillary clinton. this is true. in speeches and interviews, he’s expressed a broadband stream of lies, such as denying that he’s used terms like “fat pig” to describe women, insisting that he never called george w. bush a liar, claiming that he opposed the iraq war, making fallacious boasts about his acts of philanthropy, asserting that the nfl had contacted him about the debate schedule, and more, much more. but they are lies, all lies. and every time the media quotes one of trump’s “she said” lies without a correcting fact-check, it undermines the truth of the “he said” side of the debate. at least, so the thinking goes. but has journalists' practice of giving trump the right of reply, allowing him to pearl his lies with another coating of deceit really been such a disaster? one result of the straight, ""he said/she said"" coverage of the trump style has been his record lows in the washington post/abc news favorability poll. thanks to this coverage, many voters are able to see through trump’s “post-truth” style of politics and don’t need the news pages directly calling him a lying liar who lies every time he speaks. among his supporters, many don’t care that he mangles the facts and others take secret glee in the trickster’s campaign he’s waging for the presidency: he’s serving baloney and his supporters can’t get enough of it. as bracing and as full of truth-telling as the barbaro piece was, i hope it doesn’t embolden other news pages to abandon convention. the formula, when properly executed, forces reporters to perform due diligence in their articles. the form is even more useful for skeptical “show me” readers, who want those extra bits of evidence to help them make up their mind about a candidate or an issue. this, i realize, can be especially challenging with trump because the mouth of manhattan has made a career of taking both sides on nearly everything. he is the hermaphrodite of opinion makers—both ""he said and she said""—and, like any good circus freak, that makes him too exceptional to build rules from. one reason i admire ""he said/she said"" journalism is that i often find myself sympathizing with the ""she-said"" side of the equation, and its presence assures me that the reporter is conducting something approximating an open inquiry. whenever the ""she-said"" component of a story goes missing, leaving only the dominant position expressed, i get the feeling i’m being fed bunk. even the holy bible gives satan a forum for his dastardly views. so why not news stories? i don’t believe a story must balance out like a chemistry equation until both sides (or multiple sides) hover in the ether in perfect equilibrium. but intellectual history informs us that the dominant positions in any field—ruling paradigms, if you don’t mind the language—have a tendency to erode over time when exposed to minority critiques. in order for thought to progress, the minority report—however seemingly misguided—must be heard. the history of science is pockmarked with paradigms that were blown away by she-saiders. early in the last century, for example, the scientific and cultural elites espoused the misguided philosophy of eugenics, which held that feeblemindedness was directly inheritable and that forced sterilization, institutionalization or lobotomization for these lessers was right and just. to oppose eugenics was to place yourself outside the established consensus, to define yourself as a crackpot, to be reduced to a ""she-said"" if you were lucky enough to get quoted in a news story. today, we think of the eugenicists as troglodytes. or consider the story of alfred wegener. he 1912, he proposed his plate tectonic theory much to the derision of the scientific establishment who laughed at the idea of continental drift. not until the 1960s did his ideas gain proper respect, and his critics take his place as geology’s crackpots. or take the example of australian doctor barry marshall, who conjectured in the early 1980s that bacteria and not stress was the cause of ulcers, a condition that afflicted up to 10 percent of all adults. even after marshall induced an ulcer in his own stomach by drinking a potion containing helicobacter pylori he was still derided and marginalized by the establishment. “you think, ‘it’s science; it’s got to be accepted,’” marshall told discover magazine. “but it’s not an absolute given.” by the mid-1990s, the idea finally took root, undermining the business model of thousands of gastroenterologists who treated and retreated the affliction with ineffective drugs and surgery. in 2005, marshall and a colleague were awarded the nobel prize in medicine for their helicobacter pylori work. science abounds with equally dramatic stories. obviously, the critiques of every she-saider don’t automatically end in the triumphs wegener and marshall enjoyed. but when you catalog the ruling paradigms in science and technology that have been toppled in recent years, the toppler was almost always marginalized in the early going. fracking has all but destroyed the peak oil hypothesis. the “one-size, fits all” advice on mammograms has been abandoned. our views on saturated fat, once almost holy writ, have been chucked. until 1973, the american psychiatric association classified homosexuality as a mental disorder. (all is not progress: some now argue that “homophobia” is an indicator of a disorder.) marijuana makes you mad. (today, the equally suspicious paradigm is that marijuana is good for whatever ails you.) coffee, once thought to be bad for you, turns out to be good for you, at least for now. moving over to the policy realm, the once dominant “super-predator” thesis was once supported across partisan lines. it is now discredited. remember how japan’s economy was supposed to overtake the united states’? remember how federal reserve board chairman alan greenspan said the u.s. economic system was stable? experts predicted wild inflation after quantitative easing. others posited that housing prices would never decline nationwide. and so on. the dissents of the she-saiders are generally beneficial. whether right or wrong, the dissenters have a way of increasing everybody’s knowledge. if they are wrong, as michael shermer has written, their untruths force the dominant paradigm to self-examine, and if warranted, use new evidence to improve its position. if the she-saiders are right, they advance human thought. that’s how science works, and i believe journalism should work that way, too. vaccine pioneer jonas salk summarized the predictable moves of the knee-jerk paradigm-defenders with this progression. “first,” salk writes, they say “that it can’t be true.” second phase: “well, if it’s true, it’s not very important.” third phase: “well, we’ve known it all along.” before anybody puts words in my mouth, this is not my long-winded way of saying i don’t subscribe to the global warming hypothesis. i do—but at the same time, i keep my options open. the protectors of the ruling paradigm have an intellectual responsibility to mount disciplined defense against all comers. even against crackpots. the last and best reason for supporting “he said/she said” journalism: so many readers and viewers have self-segregated by limiting their news consumption to outlets that reflect their personal views. these days, many readers get only the ""he said"" side of the story or just the ""she said"" side, remaining deliberately oblivious to the vibrant debate that might actually be going on. while i value partisan media, i also value nonpartisan news operations—like politico—that make ideas duel in their news pages. npr news director michael oreskes puts this practical spin on why his organization shies away from calling liars liars: “[i]f you present the facts calmly and without a tone of editorializing, you substantially increase the chance that people will hear you out and weigh the facts. that is why the tone of journalism matters so much. we need potential listeners and readers to believe we are presenting the facts honestly, and not to confirm our opinions.” if you’re not getting a steady diet of ""she said"" quotations in your news consumption, you’re at risk of starving to death. ""he said/she said"" keeps journalists honest, even if, on occasion, it looks like it’s only accruing to the benefit of a beast like donald trump. ****** a sumptuous meal of news, news, news. make mine extra rare, garcon. send news recipes via email to shafer.politico@gmail.com. my email alerts are breakfast. my twitter feed is lunch. and my rss feed is a stingy snack. jack shafer is politico’s senior media writer.",0,1,0.5509222745895386,fakenewsnet,>=5000
"in 1992, mitt romney gave money to democrats for congress.",0,1,0.5567883849143982,liar,50-100
"the interior department is in charge of salmon while theyre in fresh water, but the commerce department handles them when theyre in saltwater.",0,1,0.6459029316902161,liar,100-200
the pink pony club in dekalb county has never been cited for any violation of an ordinance or state law.,0,1,0.636894166469574,liar,100-200
a clear majority of americans support removing the cost-sharing requirement for prescription contraceptive coverage.,0,1,0.596190869808197,liar,100-200
dave aronberg was the first to demand that bp create a billion-dollar fund to pay for the devastation.,0,1,0.6967622637748718,liar,100-200
"in 2006, bernie sanders voted in the house with hard-line republicans for indefinite detention for undocumented immigrants, and then he sided with those republicans to stand with vigilantes known as minutemen who were taking up outposts along the border to hunt down immigrants.",0,1,0.6341215372085571,liar,200-500
says donald trump brings in hundreds of foreign workers to replace americans.,0,1,0.5888490676879883,liar,50-100
"as governor, mike huckabee supported higher income taxes, sales taxes, gas taxes, grocery taxes, tobacco taxes, beer taxes, internet taxes, nursing home bed taxes.",0,1,0.5345906019210815,liar,100-200
president obama has the most border patrols and border security deployed at the border of any previous president.,0,1,0.6552609801292419,liar,100-200
they tried to give us $400 million to build a high-speed train that goes 39 miles an hour.,0,1,0.6748100519180298,liar,50-100
"obamacare insurance cooperative failures should be expected because theyre like any business, and when you start businesses in america, at the fifth year, half of the businesses have closed.",0,1,0.6217411160469055,liar,100-200
on instances when abortions should be allowed.,0,1,0.8130025863647461,liar,0-50
says delta air lines has once again broken a promise they made to me and to the people of memphis.,0,1,0.640974223613739,liar,50-100
"under the new health care law, if a landscaper wants to buy a new lawnmower, or a restaurant needs a new ice-maker, they have to report that to the feds.",0,1,0.7079757452011108,liar,100-200
the state of wisconsin thinks you should have to wash your hands at least 28 times to make one peanut butter-and-jelly sandwich.,0,1,0.5589514374732971,liar,100-200
"if you are going to kill the families of terrorists, realize that theres something called the geneva convention were going to have to pull out of.",0,1,0.8246147036552429,liar,100-200
obama's liberal fiscal agenda: over $874-billion in new spending.,0,1,0.5056626796722412,liar,50-100
"one critically wounded as charlotte police endure second night of riots… [video] in a second night of violent protests in charlotte, north carolina after a black police officer shot and killed an armed, black suspect, keith lamont scott, things are spiraling out of control and the governor has declared an emergency there. one protester is clinging to life by a thread after being critically wounded by a protester who shot into the crowd randomly. he was hit in the head and is on life support. three other protesters and four officers were wounded in the chaos. i even heard that protesters tried to throw a reporter into a fire. i also saw white people in their cars with guns for protection. i can’t say that i blame them. the nascar hall of fame and many other businesses were hit by vandals during all of this. the national guard has now arrived to help fight the increasing violence in charlotte. from the daily mail: national guard troops have arrived in charlotte after a protest turned violent on wednesday night. a state of emergency has been declared in response to the chaos that has taken over the north carolina city, two days after a father-of-seven was shot dead by a police officer. one of the demonstrators was shot in the head outside the omni hotel and is fighting for his life. at least three other protesters and four police officers were also taken to hospital after they were injured in the riot. a cameraman and reporter for wcnc-tv were also attacked while a cnn correspondent was body-slammed during a live broadcast. it was the second night of unrest following the deadly shooting of keith lamont scott by black cop, brentley vinson, on tuesday afternoon. police insist he was armed, but family members maintain he was only reading a book when he was gunned down next to his car. many businesses and buildings, including the nascar hall of fame, were hit by vandals and looters. major companies with offices in the downtown area – including bank of america, wells fargo and duke energy – all told employees to stay away from the area thursday. charlotte mayor jennifer roberts is considering putting a curfew in place in a bid to control the disorder. a number of black people defended the police officers, but there were far more that wanted to get their violence on there. a cameraman and reporter for wcnc-tv was attacked, while a cnn correspondent was body-slammed during a live broadcast. on thursday morning, hotel and restaurant employees and security guards started cleaning up dozens of broken windows after protesters smashed buildings and painted the slogan ‘black lives matter’ on walls. demonstrators were also seen breaking into a convenience store and a shop that sells merchandise for the nba franchise, the charlotte hornets. others set fire to trash cans. some protesters expressed anger at the lawlessness exhibited by fellow demonstrators. one woman was heard shouting, “stop – that’s not what this is about,” as young men broke bottles in the street. after a black man shot another protester, demonstrators began throwing bottles, dirt clods and fireworks at the officers. the police fired flash grenades and then tear gas back, dispersing the crowd of several hundred. protesters responded by hurling trash cans and potted plants. a riot is an uncontrollable beast… once you unleash it, it takes on a life of its own and the message is usually lost in the violence and chaos that ensues. i fear this is another step in a race war and all out chaos in our streets. russia must be smiling. watch the latest video at video.foxnews.com",0,1,0.6440576910972595,fakenewsnet,500-5000
"rick perry had planned to retire from the legislature until his best friend, david weeks, and i talked him into switching parties and running for the gop nomination for agriculture commissioner.",0,1,0.6000177264213562,liar,100-200
says a state bill checks the spending habits of the milwaukee county board of supervisors by bringing it in line with other county boards around the state.,0,1,0.6031705141067505,liar,100-200
the vast majority of our international commitments take effect without congressional approval.,0,1,0.5088094472885132,liar,50-100
"since sherrod brown and the democrats rammed the economic stimulus bill through, ohios unemployment rate has risen to 9.6 percent, above the national average.",0,1,0.592229962348938,liar,100-200
on the iran nuclear deal,0,1,0.6219453811645508,liar,0-50
says house republicans rejected a straightforward measure that would prevent members of congress and the president from being paid during a government shutdown.,0,1,0.7024893164634705,liar,100-200
"says goldman sachs ceo said congress would have to cut social security, medicare and medicaid and give huge tax breaks to the wealthy and the large corporations.",0,1,0.6071088910102844,liar,100-200
"every year the average woman loses around $11,000 to the wage gap, which amounts to a $500,000 vagina tax over her working career.",0,1,0.5466639995574951,liar,100-200
the states that are doing better are the ones that have no state income tax.,0,1,0.6709669232368469,liar,50-100
the proposed raises for the norcross city council would put it in line with other liked-sized communities.,0,1,0.6450116038322449,liar,100-200
richard nixon released tax returns when he was under audit.,0,1,0.5827069878578186,liar,50-100
says oil productions down where obamas in charge.,0,1,0.7086642384529114,liar,0-50
"in sauk city, wisconsin, the id office that provides identification for voting is only open on the fifth wednesday of every month -- a total of four days in 2016.",0,1,0.518104076385498,liar,100-200
says donald trump publicly invited putin to hack into americans (emails).,0,1,0.5011058449745178,liar,50-100
there really isnt any kind of foreign policy network that is supporting and advising sen. sanders.,0,1,0.6896763443946838,liar,50-100
"(newt gingrich) voted in favor of establishing the department of education, and yet he gets in a debate and says we should get rid of the department of education and send all the education issues back to the states.",0,1,0.5657202005386353,liar,200-500
it cost us more to shut the government down than to keep it open.,0,1,0.6514427661895752,liar,50-100
"barbara buono by the numbers: as a trenton politician, she voted to raise taxes 154 times. under her, property taxes up 70 percent. backed a 16 percent sales tax increase. utilities, nursing homes, cell phones, parking lots, lottery wins, gyms she taxed them all. architect of corzines budget, she drove new jersey $2 billion into debt. barbara buono by the numbers: taking new jersey backwards.",0,1,0.6047385334968567,liar,200-500
john faso took money from fossil fuel companies as they tried to take your land by eminent domain for a fracked gas pipeline.,0,1,0.67002934217453,liar,100-200
there are justice department policies against fbi director james comey discussing details of a federal investigation so close to an election.,0,1,0.7984998822212219,liar,100-200
a democratic poll operation shows that fox news is the most trusted news operation in the country.,0,1,0.7802884578704834,liar,50-100
says every school will be negatively impacted if education stability fund is not tapped.,0,1,0.7022136449813843,liar,50-100
"when i become the nominee, the democratic nominee, i will be the only pro-choice candidate on the ballot.",0,1,0.6972479820251465,liar,100-200
says austin mayor lee leffingwell voted for a toll lane on mopac.,0,1,0.7624337077140808,liar,50-100
says his sons were targeted on facebook by out-of-state protesters.,0,1,0.7381194233894348,liar,50-100
says he lived up to a 2008 promise when he closed corporate tax loopholes that were sending profits overseas.,0,1,0.6020109057426453,liar,100-200
speakers at the democratic national convention made zero mentions of the global terrorist threat posed by isis.,0,1,0.7286219596862793,liar,100-200
we are the only industrialized nation that relies heavily on a for-profit medical insurance industry to provide basic health care.,0,1,0.5634061098098755,liar,100-200
david dewhurst is the first lieutenant governor in history to have a personal security detail.,0,1,0.5889462232589722,liar,50-100
on whether the state should privatize the ohio turnpike.,0,1,0.6956030130386353,liar,50-100
the 2012 national survey on drug use and health found that up to half of daily marijuana smokers become addicted -- an estimated 2.7 million people in the u.s.,0,1,0.5925965309143066,liar,100-200
"the u.s. attorney’s office in manhattan is investigating anthony weiner’s alleged sexting with a minor, according to two officials briefed on the case. an inquiry was opened, although no formal complaint has been filed. federal officials have issued a subpoena for weiner’s cell phone records. federal prosecutors will not confirm nor deny the existence of an investigation, per justice department policy. the investigation was first reported yesterday by the daily mail. asked for comment at an unrelated press conference, new york gov. andrew cuomo said, ""if the reports are true, it's possibly criminal and it is sick. and frankly, i’ve heard enough about anthony weiner and i think that goes for all new yorkers.""",0,1,0.7310779690742493,fakenewsnet,500-5000
"in just 17 years, spending for social security, federal health care and interest on the debt will exceed all tax revenue!",0,1,0.545019805431366,liar,100-200
on timing of right to work legislation,0,1,0.6139627695083618,liar,0-50
"in oregon, students are skipping math class to learn about the bible.",0,1,0.5690226554870605,liar,50-100
"under a new law regulating abortions, even if youre raped, if you dont report it in the first 30 days, the republicans will force you to have an ultrasound.",0,1,0.6830376386642456,liar,100-200
"this year, the overwhelming majority of new jobs are part time.",0,1,0.5197243690490723,liar,50-100
"under the ruling of the supreme court, any lobbyist could go into any legislator and say, if you don't vote our way on this bill, we're going to run a million-dollar campaign against you in your district.",0,1,0.7034754753112793,liar,200-500
sen. marco rubio refuses to accept the basic science on climate change and is a climate change denier.,0,1,0.5711668133735657,liar,100-200
the u.s. house rule barring members from wearing hats while in session dates back to the 1800s and can be waived by the speaker.,0,1,0.6518696546554565,liar,100-200
president obama is shrinking our military.,0,1,0.7894878387451172,liar,0-50
"a texas police department bought an ad telling drug dealers, we can take your competition off the streets for free.",0,1,0.7670155167579651,liar,100-200
this bill allows virginia to join about 23 other states that have an ultrasound procedure before an abortion.,0,1,0.6174981594085693,liar,100-200
"says if you try to hide marijuana in a hemp field, it becomes worthless. the thc goes away.",0,1,0.7932789325714111,liar,50-100
"says that when he first ran for office in the late 1980s, there were still folks who didnt have phone service. soon id helped ensure that everyone in north florida could access a dial tone.",0,1,0.6114267110824585,liar,100-200
says about nsa data collection: every member in both parties who served on the intelligence committee voted in favor of this.,0,1,0.5631376504898071,liar,100-200
every one of the mass shootings except two in america since 1950 have been in gun-free zones.,0,1,0.5462660193443298,liar,50-100
mccain lobbied for (a) $10-million pork project honoring conservative justice.,0,1,0.7402229309082031,liar,50-100
"sen. johnny isakson voted for a trade agreement, with china costing georgia 93,000 jobs.",0,1,0.508022665977478,liar,50-100
says mark warner has supported harry reid down the line.,0,1,0.6285275816917419,liar,50-100
the iran nuclear deal is putting billions of dollars back into a country thats the worlds largest supporter of terrorism. we are actually giving them the money to fund the terrorists that are killing us and our allies.,0,1,0.6850725412368774,liar,200-500
"says that under rick perrys plan, texas has cut funding for public schools by 25%.",0,1,0.5292797684669495,liar,50-100
"obama ""voted for ... $3-million for an overhead projector at a planetarium in chicago.""",0,1,0.5657680034637451,liar,50-100
"sarah palin ""already has more executive experience"" than barack obama and joe biden ""combined.""",0,1,0.5808017253875732,liar,50-100
the election bill allows persons to correct an absentee ballot if they did not sign it and requires an extra two hours a day for early voting. everything else in this bill is discretionary.,0,1,0.6421555280685425,liar,100-200
"we admit about 100,000 permanent immigrants from the middle east every year.",0,1,0.5313882231712341,liar,50-100
says rick scott presided over cuts to the bright futures college scholarship program.,0,1,0.527862548828125,liar,50-100
"obama's wife said her goal in life was to put the black community ""first and foremost.""",0,1,0.626677930355072,liar,50-100
mr. hurt would re-open that darn (medicare) doughnut hole.,0,1,0.7035761475563049,liar,50-100
the federal health care law raises taxes and cuts medicare.,0,1,0.7324166297912598,liar,50-100
the u.s. court of appeals for the fourth circuit compared the health care law to buying a pepperoni and ham pizza from dominos or pizza hut.,0,1,0.6328738927841187,liar,100-200
"the health care bill will subsidize families of four that make more than $80,000 a year.",0,1,0.6284781694412231,liar,50-100
undocumented workers crossing the border right now is at a 12-year low.,0,1,0.7259560227394104,liar,50-100
"the health care bill ""dumps 15 to 18 million low-income americans into a medicaid program that none of us want to be a part of because 50 percent of doctors won't see new patients.""",0,1,0.5783169865608215,liar,100-200
you cant build a christian church in saudi arabia.,0,1,0.6851112842559814,liar,50-100
nearly 90% of travis county government races will be settled by the time of the democratic primary.,0,1,0.5952417850494385,liar,50-100
fox news uses photo of a married couple promoting traditional marriage and the photo is actually of a same-sex couple.,0,1,0.6849862933158875,liar,100-200
750 days since bill nelson the democrats in the senate passed a budget. how can this be justified?,0,1,0.6235792636871338,liar,50-100
the state budget has actually grown by $4.6 billion under gov. scott walkers actions.,0,1,0.6023643016815186,liar,50-100
"when these [undocumented] students graduate from college, theyre still illegal aliens. they cannot get a job.",0,1,0.6324134469032288,liar,100-200
"the federal government owns about half of the west, yet it continues to acquire more land.",0,1,0.531934916973114,liar,50-100
"hillary clinton and donald trump ushered the 2016 presidential campaign into a new phase tonight, and they did it with plenty of barbs. the two candidates faced off in their first general election debate at hofstra university in long island, new york, in front of what was expected to be a historic number of television viewers. here are 10 moments that mattered at the first general election presidential debate: 1. nominees started off on a friendly note but no escaping the sarcasm hillary clinton and donald trump have lobbed insults at each other from far away for months, but tonight they tried to start their highly anticipated face off on a genteel note, although the mutual contempt was just below the surface. when clinton walked out in a red pantsuit and trump in a blue tie -- the opponents’ trading traditional party colors -- the two shook hands and clinton said, “how are you, donald?” perhaps trying to throw him off at the top with a warm greeting. shortly after the debate began, trump talked about overseas trade deals, saying, “but in all fairness to secretary clinton,” before stopping himself and turning to his opponent and saying, “yes, is that ok? good. i want you to be very happy. it's very important to me.” he seemed to be referring to his addressing her as “secretary clinton,” although it wasn’t completely clear during the moment. 2. personal attacks came early clinton was first to go on the attack during tonight’s debate, taking aim at trump’s business roots by claiming he borrowed $14 million from his father to start his real estate business. “donald was very fortunate in his life and that's all to his benefit. he started his business with $14 million, borrowed from his father, and he really believes that the more you help wealthy people, the better off we'll be and that everything will work out from there. i don't buy that. i have a different experience,” clinton said, before expanding on her father’s work as a drapery maker. trump responded to that personal claim rather than addressing her subsequent remarks that he believes in “trumped up, trickle-down” economics. “for one thing, and before we start on that, my father gave me a very small loan in 1975 and i built it into a company that's worth many, many billions of dollars,” trump said. 3. trading barbs over trade voters saw the first fiery moment of the debate when the two candidates sparred over the trans-pacific partnership trade deal. trump accused clinton of supporting tpp, the proposed trade agreement between the united states and 11 other countries along the pacific rim. “and now you want to approve trans-pacific partnership. you were totally in favor of it,” trump said. clinton fired back, “well, that is just not accurate. i was against it once it was finally negotiated and the terms were laid out.” trump then pointed to clinton’s once referring to tpp as the “gold standard of trade deals.” “well, donald, i know you live in your own reality, but that is not the facts,” clinton said. clinton promoted tpp as secretary of state under president obama, who is pushing the trade deal. while speaking in australia in november 15, 2012, clinton said, ""tpp sets the gold standard in trade agreements to open free, transparent, fair trade, the kind of environment that has the rule of law and a level playing field.” clinton came out against the trade deal october of last year, saying that “what i know about it as of today i am not in favor of what i have learned about it.” 4. trump asks ‘why not’ blame all the world’s problems on clinton less than 30 minutes into the debate, trump went after clinton, attacking her on trade, isis, taxes, the economy and more. clinton quipped: ""i have a feeling by the end of this evening i'm going to be blamed for everything that's ever happened.” trump didn’t miss a beat, saying to his opponent: “why not?” clinton responded: ""why not? yeah. why not? just join the debate by saying more crazy things. now, let me say this—“ trump interjected: ""there's nothing crazy about not letting our companies bring their money back into the country,” before the moderator reminded trump, ""this is secretary clinton's two minutes, please."" drew angerer/getty images 5. trump hit over not releasing tax returns trump clashed with his democratic rival over his decision not to release his tax returns. “i don't mind releasing. i'm under a routine audit and it will be released,” he said. trump went on to tout his disclosure of a different federally mandated form required by the u.s. office of government ethics of everyone from presidential candidates to the postmaster general. trump then pivoted to attack clinton over her private email server. “i will release my tax returns against my lawyer's wishes when she releases her 33,000 e-mails that have been deleted,” he said. “i think you've just seen another example of bait and switch here. for 40 years, everyone running for president has release their tax returns,” she said. “you got to ask yourself: why won't he release his tax returns? “maybe he doesn't want the american people, all of you watching tonight, to know that he's paid nothing in federal taxes,” she said. 6. the birther issue gets on the main stage moderator lester holt asked trump “what took you so long” to acknowledge that president obama was born in the united states, bringing the republican nominee’s recent turnaround on an issue that was central to his public positions for years. at first, trump claimed that two clinton aides were the ones who initially looked into barack obama’s birth certificate during the 2008 campaign -- a claim that he has made before -- and then said that he was “satisfied” with when obama released his birth certificate. holt noted that obama released his longform birth certificate in 2011, but trump continued to raise questions about it’s authenticity until 2015. “nobody was pressing it, nobody was caring much about it,” trump said, referencing the years between the release and trump’s decision this month to acknowledge obama was born in america. “i figured you'd ask the question tonight, of course. but nobody was caring much about it. but i was the one that got him to produce the birth certificate, and i think i did a good job.” paul j. richards/afp/getty images 7. clinton defends being ‘prepared’ when trump questions her time off the trail trump was talking about crime in the inner cities when he said, “i’ve been all over the place. you decided to stay home and that's ok,” seeming to jab clinton for leaving the campaign trail in recent days to prepare for tonight’s faceoff. ""i think donald just criticized me for preparing for this debate,” clinton said. ""and, yes, i did. and you know what else i prepared for? i prepared to be president. and i think that's a good thing.” throughout the debate, clinton tried to portray trump as unprepared and unwilling to do the hard work to prepare for the presidency. she also hit back against an attack he regularly makes on the campaign trail: that she doesn't stump as much as he does because she doesn't have his endurance. 8. stop and frisk becomes a big point of discussion trump’s support of stop and frisk, a controversial tactic once heavily used by the new york police department, was discussed at length during the debate. “stop and frisk had a tremendous impact on the safety of new york city. tremendous beyond belief. so when you say it has no impact, it really did, it had a very very big impact,” trump said. trump said that the tactic was not deemed unconstitutional -- which it was -- and added instead that “it went before a judge who was a very against-police judge.” “they would have won an appeal,” he said, noting that there was no appeal. trump and clinton went on to debate various crime rates in cities like chicago and new york for nearly 10 minutes of the debate. 9. trump and the iraq war under the microscope toward the end of the debate, holt corrected trump on whether he supported the war in iraq before it started. “i did not support the war in iraq,” trump said. ""that is a mainstream media nonsense put out by her because she frankly i think the best person in her campaign is mainstream media.” holt corrected him, saying, “the record shows otherwise.” the only time trump seems to have spoken about the war publicly before it started was to howard stern in 2002 and seemed to support the invasion. stern asked trump, “are you for invading iraq?"" trump appeared to hesitate, responding, “yeah, i guess so. i wish the first time it was done correctly.” despite the attempt to correct him, trump continued to stress he was against the war, saying, “the record shows that i am right.” 10. sparring over stamina holt asked trump about when he once said that clinton does not have a “presidential look,” asking trump what he meant by that. trump pivoted to attack her “stamina.” ""she doesn't have the look, she doesn’t have the stamina,” trump said. ""i said she doesn't have the stamina. and i don't believe she does have the stamina. to be president of this country, you need tremendous stamina.” trump has been hitting clinton on her stamina and strength on the campaign trail for months, but tonight clinton tried to shut that line of attack down. ""well, as soon as he travels to 112 countries and negotiates a peace deal, a cease-fire, a release of dissidents, an opening of new opportunities and nations around the world, or even spends 11 hours testifying in front of a congressional committee, he can talk to me about stamina,” clinton said. she also attempted to remind voters of some of the more controversial things he has said about women: ""one thing lester, he tried to switch from looks to stamina,” clinton said. ""but this is a man who has called women pigs, slobs and dogs. and someone who has said pregnancy is an inconvenience to employers. who has said women don't deserve equal pay unless they do as good a job as men.”",0,1,0.5757188200950623,fakenewsnet,>=5000
"says donald trump thinks that climate change is a hoax, invented by the chinese.",0,1,0.5963916778564453,liar,50-100
"no one in rhode island -- not just children, no one in rhode island -- should eat more than one serving of freshwater fish caught in our state each month.",0,1,0.5168672204017639,liar,100-200
"says if congress doesnt avoid the sequester, tens of thousands of parents will have to scramble to find child care for their kids.",0,1,0.7916805744171143,liar,100-200
"the baucus health care bill would require taxes on medical devices such as x-ray machines, female condoms, hiv tests and surgical needles.",0,1,0.668395459651947,liar,100-200
illegal immigration is lower than its been in 40 years.,0,1,0.5124616026878357,liar,50-100
"last week the texas state board of education (sboe), led by rick perrys appointee, voted to remove thomas jefferson from social studies textbook standards. thats right. thomas jefferson... was deleted from a list of historical figures who inspired political change.",0,1,0.6074429750442505,liar,200-500
"many state and federal agencies have such navigators involved in helping folks maneuver through the often complex processes associated with filing benefits claims, for example -- even buying health insurance.",0,1,0.5757737755775452,liar,200-500
says david dewhurst explicitly advocated a guest worker program for all illegal immigrants.,0,1,0.725837230682373,liar,50-100
the best evidence is that you lose -- if you use marijuana as a teenager regularly -- eight iq points.,0,1,0.6089057922363281,liar,100-200
the house zika bill limits access to birth control services needed to help curb the spread of the virus in puerto rico.,0,1,0.7405176162719727,liar,100-200
says dan patrick proposed arizona-style show-me-your-papers legislation.,0,1,0.8007733821868896,liar,50-100
"if you're over 65 years old in america today, you have no choice but to be in medicare. even if you want out of medicare, you have to forfeit your social security to get out of it.",0,1,0.6492480635643005,liar,100-200
"rhode islands voter identification law was pushed by a black democrat in the house, a black democrat in the senate. thats a fact.",0,1,0.6176216006278992,liar,100-200
ronald reagan did amnesty.,0,1,0.6983884572982788,liar,0-50
"after initially agreeing with republicans on an amount for zika funding, democrats derailed it.",0,1,0.564088761806488,liar,50-100
says bernie sanders voted for regime change with respect to libya.,0,1,0.6555379033088684,liar,50-100
says hillary clinton has called for a radical 550 percent increase in syrian ... refugees . . . despite the fact that theres no way to screen these refugees in order to find out who they are or where they come from.,0,1,0.7307122945785522,liar,200-500
there are polls showing right now that the american people for the most part think its a bad idea to provide tax cuts to the wealthy.,0,1,0.683260440826416,liar,100-200
u.s. rep. connie mack voted to raise his own pay several times.,0,1,0.7192817330360413,liar,50-100
about 85 percent of hotel guests who will pay the new $5 hotel/motel fee will be from outside georgia.,0,1,0.658593475818634,liar,100-200
"as a senator, hillary clinton has her name on three laws in eight years.",0,1,0.565875768661499,liar,50-100
we wiped out a $3.6 billion deficit without raising taxes.,0,1,0.5404471158981323,liar,50-100
"despite the passage of hb2, towns, cities and counties in north carolina are still allowed to set stricter non-discrimination policies for their own employees if they choose.",0,1,0.5361210703849792,liar,100-200
state lawmakers are spending taxpayer money for parking that billionaire arthur blank could build while paying some state employees so little they are on food stamps.,0,1,0.7196138501167297,liar,100-200
says pope francis took the name of a saint who basically reached out to muslims.,0,1,0.7432476878166199,liar,50-100
"as a candidate, president obama declared that everyone deserves access to reproductive health care that includes abortion, and vowed that this 'right' would be at the heart of his health care reform plan if elected president.",0,1,0.736880362033844,liar,200-500
we [the city of atlanta] are overbuilt on housing.,0,1,0.5606861114501953,liar,50-100
"says that in curry county, if you make a 911 call youre likely to wait for an hour for a response.",0,1,0.7454070448875427,liar,50-100
we are one of the most expensive [bus] rides in new england.,0,1,0.5320932865142822,liar,50-100
says barack obama and hillary clinton are responsible for leading america into a deal that will arm iran.,0,1,0.8170841336250305,liar,100-200
surveys show that many of our citizens think we devote a full quarter or even a third of our federal budget to foreign aid.,0,1,0.5050641298294067,liar,100-200
"attorney general mccollum, speaker-designate cannon, senate president-designate haridopolos and i stood up to governor crist and worked to remove jim greer as chairman because of his mismanagement of the party.",0,1,0.5361207127571106,liar,200-500
"romney failed to take action against ""sanctuary cities"" in massachusetts.",0,1,0.5246188640594482,liar,50-100
the pope and donald trump and tammy baldwin all agree on eliminating the carried-interest tax break.,0,1,0.5755201578140259,liar,100-200
says businesses already pay most of the taxes.,0,1,0.678019106388092,liar,0-50
"we have over 700,000 illegal immigrants in the state. theyre costing us billions of dollars and theyre taking legal residents jobs.",0,1,0.6199692487716675,liar,100-200
"as mayor, every year i was in office i did reduce taxes.",0,1,0.554370641708374,liar,50-100
thirty percent of [sheldon whitehouse campaign] money is coming from special interests.,0,1,0.5977121591567993,liar,50-100
says scott walker gave $6 million in tax breaks to a corporation and told them that they can keep that money even if they lay off half their workforce.,0,1,0.7249897718429565,liar,100-200
"there are many studies that indicate that the longer people get unemployment insurance, it provides some disincentive to work.",0,1,0.6683000326156616,liar,100-200
you've heard endlessly about waterboarding. it happened to three terrorists.,0,1,0.5864669680595398,liar,50-100
the average american is working through the month of may just to pay off the government.,0,1,0.6123709082603455,liar,50-100
"a mortgage buyback plan is ""my proposal, it's not sen. obama's proposal, it's not president bush's proposal.""",0,1,0.6383734941482544,liar,100-200
"says his promise of 250,000 new private sector jobs was a big goal.",0,1,0.5481645464897156,liar,50-100
"says president barack obama has amended, delayed, or repealed 19 components of his very own (health care) law.",0,1,0.6076433062553406,liar,100-200
says paul workman authored legislation providing amnesty for illegal immigrants.,0,1,0.7532827854156494,liar,50-100
there are more pain clinics in broward county than there are mcdonalds in broward county.,0,1,0.6230321526527405,liar,50-100
"if you want to talk firsts for bush, this was the first time in american history that a president took us into a war and cut taxes.",0,1,0.6284427046775818,liar,100-200
"in texas, schools do not even have to teach sex education.",0,1,0.6294943690299988,liar,50-100
some of the men serving in the (afghan) armed forces have never driven a vehicle before.,0,1,0.6697263717651367,liar,50-100
"atlanta mayor kasim reed became a city resident in the last annexation, opening the door to his candidacy.",0,1,0.6397040486335754,liar,100-200
"let's pay attention to kids who are not going to college, which ends up being about 60 percent of the kids... and get them trained for the jobs that are there. because, you know, there are auto mechanic jobs paying $50,000, $60,000 that they can't get filled. there are airline mechanic jobs paying a lot of money that can't get filled. remarks at afscme forum 6/19/2007",0,1,0.5994985699653625,liar,200-500
eighty-three law enforcement officers have died in the line of duty this year. twenty-four of them were shot and killed in cold blood.,0,1,0.634052574634552,liar,100-200
most of the newspapers that endorsed alex sink also endorsed barack obama.,0,1,0.6976541876792908,liar,50-100
says women care most about jobs and the economy,0,1,0.6235812306404114,liar,0-50
"so far, the recovery act is responsible for the jobs of about 2 million americans who would otherwise be unemployed. ... [and] the recovery act is on track to save or create another 1.5 million jobs in 2010.",0,1,0.5929676294326782,liar,200-500
"while act 10 allowed (milwaukee county) to save some money, it was millions short of what we needed to fill the hole left by the $28 million cut in state aid.",0,1,0.5209936499595642,liar,100-200
"barack obama's health care plan ""would leave 15-million americans out.""",0,1,0.7554600238800049,liar,50-100
the governors budget proposal reduces the state austerity cut to education to under $500 million for 2016.,0,1,0.5169821381568909,liar,100-200
"says in washington, d.c., sen. richard burr took millions from special interests, went there and cashed in, voted to cut (his) own taxes and raise taxes on working folks.",0,1,0.5999644994735718,liar,100-200
under the obama economy ... utility bills are higher.,0,1,0.6632940173149109,liar,50-100
says the central ohio human trafficking task force is the first task force of its kind in central ohio,0,1,0.5824711918830872,liar,100-200
"hillary clinton ""agreed with (john mccain) on voting for the war in iraq.""",0,1,0.5618003010749817,liar,50-100
"says a gun bill before the senate would make it a federal felony to leave town for more than seven days, and leave someone else at home with your firearms.",0,1,0.6070783734321594,liar,100-200
"story highlights a protester pied sacramento's mayor in the face at a charity event wednesday the two scuffled afterward, and the protester was taken to a hospital for stitches (cnn) kevin johnson -- the nba star-turned-sacramento mayor -- was pied in the face by a man at a charity dinner wednesday night at the high school he once attended. but the pie-thrower appeared to get the worst of it. sean thompson, 32, approached the mayor, pulled a pie out of the bag and shoving it in his face -- setting off a short scuffle, in which johnson punched thompson in the face several times, according to witnesses descriptions of the scuffle in local media reports ""there was an altercation that occurred after he got the pie in the face,"" sgt. bryce heinlein, a sacramento police spokesman, told cnn. ""there were some punches thrown, and then the subject was quickly taken to the ground by one of the officers that is on the mayor's security detail"" and some event attendees, heinlein said. read more",0,1,0.6186145544052124,fakenewsnet,500-5000
"(chris christie) has not paid one dollar of state money into our pension system, and then states that the system is broke.",0,1,0.5406411290168762,liar,100-200
"ohio is losing over 700 family farms a year, some of them just to pay the inheritance tax.",0,1,0.5938195586204529,liar,50-100
"now, i also support the bush tax cuts. sen. mccain voted against them originally. he now believes they should be made permanent. i'm glad he agrees they should be made permanent.",0,1,0.636175811290741,liar,100-200
"instead of fighting isis, (the saudis) have focused more on a campaign to oust iran-backed houthi rebels in yemen.",0,1,0.5389553308486938,liar,100-200
most ags dont go to court..,0,1,0.6880080699920654,liar,0-50
says a 1915 referendum on womens right to vote went down in new jersey. and it took the legislature to pass it.,0,1,0.6687548756599426,liar,100-200
president obama in november of last year wiped away (a program) that allows for shared fingerprinting for those who are behind bars so you know who is here legally and illegally.,0,1,0.6881963014602661,liar,100-200
the states that actually have lots of teachers in teacher unions tend to be the states that have done the best in terms of academic success in this country.,0,1,0.5335999131202698,liar,100-200
monarch butterflies are becoming extinct because of increased use of crops genetically modified to withstand pesticides.,0,1,0.5139145255088806,liar,100-200
attorney general eric holders own justice department precleared the voting changes in the 2011 law about early voting in florida.,0,1,0.5656827092170715,liar,100-200
on support for gay marriage.,0,1,0.685642659664154,liar,0-50
"obamacare will provide coverage for abortions, despite the presidents commitment that it would not.",0,1,0.790306806564331,liar,50-100
"in rhode island today, 25 percent of our households either dont have a bank account at all, or they have a bank account and theyre still relying on high-cost financial services like payday loans, pawn shop check cashing and so on.",0,1,0.5472372174263,liar,200-500
women in barack obamas white house are earning less than men.,0,1,0.6446766257286072,liar,50-100
says (clinton) called president assad a reformer. she called assad a different kind of leader.,0,1,0.6762574315071106,liar,50-100
"rhode island will become just the second state to mandate the vaccine and the only state to do so by regulatory fiat, without public debate, and without consideration from the elected representatives of the people.",0,1,0.5123398303985596,liar,200-500
"were importing about 10 percent of our milk supply. were americas dairyland, but yet we dont have enough milk in this state to meet the demand for our cheesemakers.",0,1,0.5833602547645569,liar,100-200
says politifact has said he kept a campaign promise to toughen ethics rules.,0,1,0.6133435368537903,liar,50-100
"unlike marijuana, medical cannabis oil cannot get you high.",0,1,0.5281785130500793,liar,50-100
says donald trumps position isto roll back all of the financial regulations passed after the financial crisis.,0,1,0.5269579887390137,liar,100-200
"lizbeth benacquisto broke election law 105 times, hiding special interest contributors.",0,1,0.6533250212669373,liar,50-100
saysdonald trump called pregnant employees an inconvenience.,0,1,0.6862659454345703,liar,50-100
91% of suspected terrorists who attempted to buy guns in america walked away with the weapon they wanted.,0,1,0.5841333270072937,liar,100-200
says the nike bill is not a tax break ... this does not lower the taxes that nike will pay nor does it prevent the legislature from raising those taxes in the future.,0,1,0.6779464483261108,liar,100-200
deepwaters own testimony . . . is they said theyll create six jobs.,0,1,0.7124170064926147,liar,50-100
hair stylists are required to undergo more government scrutiny than foreclosure consultants.,0,1,0.5231048464775085,liar,50-100
"doctors, nurses, hospitals, even the pharmaceutical industry, (and) aarp say that health reform makes sense to do.",0,1,0.7197272777557373,liar,100-200
"says apple ceo steve jobs told president obama that the company moved factories to china because it needed 30,000 engineers.",0,1,0.6427361965179443,liar,100-200
says scott brown voted to give oil companies big tax breaks.,0,1,0.6004061102867126,liar,50-100
cory gardner is sponsoring a bill to ban all abortions right now.,0,1,0.7908921837806702,liar,50-100
"we understand that this heroin is primarily coming from mexico, over the border.",0,1,0.7803677916526794,liar,50-100
"under a wisconsin bill, minor offenses such as violating pet leash laws, seat belt laws, parking infractions, etc., would now be arrestable offenses.",0,1,0.6954681873321533,liar,100-200
says deborah ross supports the iran nuclear deal and the ransom it paid for hostages.,0,1,0.6872994303703308,liar,50-100
"says the federal government could save $175,587 by eliminating a study of the connection between cocaine and risky sex habits of the japanese quail.",0,1,0.637788712978363,liar,100-200
savannah is home to the fastest-growing port in the nation.,0,1,0.6012686491012573,liar,50-100
were borrowing 20% of (the federal) budget.,0,1,0.5866141319274902,liar,0-50
"with the resources it takes to execute just over three months of the iraq war, we could fully fund the expansion of health care for needy children that bush vetoed.",0,1,0.6119498014450073,liar,100-200
i don't think that rudy or fred or john mccain support the marriage amendment.,0,1,0.5408006906509399,liar,50-100
"when he was asked a few years ago whether he could see himself lifting the cap on the payroll tax, (mccain) said, 'i could.' but today he's attacking me for holding the very same position.",0,1,0.5741980075836182,liar,100-200
says gop congressional candidate scott jones wants to build a wall. he wants to round people up and deport folks.,0,1,0.6069741249084473,liar,100-200
"just like the u.s. chamber of commerce, the afl-cio receives dues from foreign entities associated with it.",0,1,0.5537814497947693,liar,100-200
"after a federal inquiry corroborated hillary clinton on whitewater, the next day, there was nothing in the media about it.",0,1,0.6642090678215027,liar,100-200
up to 80 percent of small businesses will be forced to give up their current plans due to new obamacare regulations.,0,1,0.732310950756073,liar,100-200
"the dolphins stadium renovation will create more than 4,000 new local jobs.",0,1,0.5093655586242676,liar,50-100
"requiring photo id would keep about 200,000 missourians from voting.",0,1,0.6104201674461365,liar,50-100
the nation as a whole has created jobs at a rate that is two times the rate that we have created jobs here in wisconsin under gov. walker.,0,1,0.6227949261665344,liar,100-200
"trade deals are negotiated in secret and, unlike corporate interests,politicians never invite the leaders of the afl-cio or steelworkers or the mine workers to come in and sit down in these meetings.",0,1,0.686409056186676,liar,100-200
"the proudest accomplishment (of my tenure) was leaving the state with a $1.2 billion surplus, which was the largest wed ever had, and getting spending under control and a balanced budget.",0,1,0.5780325531959534,liar,100-200
were the only advanced democracy in the world that makes it harder for people to vote.,0,1,0.610734224319458,liar,50-100
barack obama ended up getting re-elected by the largest gender gap in the history of american elections.,0,1,0.500592827796936,liar,100-200
sharron angle voted to protect sex offenders.,0,1,0.7531507611274719,liar,0-50
if you are a federally licensed gun dealer and your license is revoked because youve engaged in misconduct ... your entire inventory under prevailing law is deemed your personal collection. you then can sell it free from any background checks.,0,1,0.6374648213386536,liar,200-500
"you dont see norway losing population, and its taxes are astronomical.",0,1,0.5240276455879211,liar,50-100
"we were one of the first states in the u.s. to build sewers, to bring the treatment plant on line.",0,1,0.6630744338035583,liar,50-100
"fences have not worked. the great wall of china, the berlin wall. that's not good among peoples, especially friends like the united states and mexico.",0,1,0.6316853165626526,liar,100-200
"as a state senator in illinois, obama made sure women got equal pay for equal work.",0,1,0.6285002827644348,liar,50-100
nine million people have lower-cost hiv/aids medicine because of the work of the clinton foundation and my husband.,0,1,0.5817662477493286,liar,100-200
in malaysia many of the workers are indentured servants because their passports are taken away when they come into this country and are working in slave-like conditions.,0,1,0.6387349963188171,liar,100-200
republican ideas on health care dont give people an option to even enroll in something that they can afford.,0,1,0.6886110305786133,liar,100-200
"it is projected that 3.07 million people will use the train annually. keep in mind that amtraks acela train in washington d.c., boston, philadelphia, new york and baltimore only had 3.2 million riders in 2010.",0,1,0.6037411689758301,liar,200-500
"most federal employees do not have collective bargaining for benefits, nor for pay.",0,1,0.6396542191505432,liar,50-100
"by the end of governor rick perry's term, he will have drained texas taxpayers ... of more than $360,000 to pay for the rental mansion he has been living in while the historic governor's mansion is repaired.",0,1,0.5503243207931519,liar,200-500
we are the most generous in new england and new england is known for its generosity toward its welfare recipients.,0,1,0.5410782098770142,liar,100-200
"since 1999, all virginia lottery profits have been used for public education in the commonwealth for kindergarten through 12th grade.",0,1,0.5026391744613647,liar,100-200
medicaid is the primary source of health insurance for 41.7 percent of hispanic children in georgia.,0,1,0.5236526131629944,liar,100-200
60 percent of people on food assistance are working.,0,1,0.5438528060913086,liar,50-100
there are currently delays of up to six months in the processing of dna evidence at the state run crime lab.,0,1,0.5816429257392883,liar,100-200
says donald trumps only economic agenda is imposing massive taxes on the american people with a 40 percent tax hike of a giant tariff.,0,1,0.5290687680244446,liar,100-200
the federal government owns tens of thousands of properties that are vacant or underused.,0,1,0.6072921752929688,liar,50-100
says carbon monoxide is still employed to euthanize dogs and cats in 29 texas animal shelters.,0,1,0.5374926328659058,liar,50-100
president obama has said he is going to cut veterans benefits.,0,1,0.6648249626159668,liar,50-100
"whether you like to admit it or not, half our general revenue goes to education.",0,1,0.6342426538467407,liar,50-100
says the high-speed rail project provides short-term jobs.,0,1,0.8050509691238403,liar,50-100
"boston is just 60 minutes away and its offering subsidies to developers who can charge higher rent than you can get in providence while construction costs are more or less equal. as a result, the boston skyline is completely dominated by the cranes.",0,1,0.5564200282096863,liar,200-500
"with the tax controls we already put in place, property taxes on a typical home in december of 2014 will actually be lower than they were in december of 2010.",0,1,0.5077760219573975,liar,100-200
"in muslim countries, under the sharia, there is a death penalty for blaspheming mohammad.",0,1,0.6825191974639893,liar,50-100
barack obama ... 96 percent of his votes have been solely along party line.,0,1,0.5286919474601746,liar,50-100
says george lemieux was one of two republicans who voted for president barack obamas jobs bill.,0,1,0.6299164891242981,liar,50-100
children who witness domestic violence are twice as likely to commit it themselves.,0,1,0.6005970239639282,liar,50-100
an amendment inserted by lawmakers into the state budget exempts scientific researchers from all state animal cruelty laws.,0,1,0.6429371237754822,liar,100-200
"says in chicago, we take more guns off the streets than new york or l.a.",0,1,0.584007203578949,liar,50-100
"the affordable care act is a major reason why weve seen 50,000 fewer preventable patient deaths in hospitals.",0,1,0.7098066806793213,liar,100-200
"a texas law requires every high school to have a voter registrar and part of their responsibility is to make sure that when children become 18 and become eligible to vote, that they vote.",0,1,0.6070170998573303,liar,100-200
"the reason why cubans dont have access to 21st century telecommunications like smart phones, like access to the internet is because it is illegal in cuba.",0,1,0.7609431147575378,liar,100-200
"the radiation coming from the new tsa body scanners is equivalent to about three minutes worth of air travel by anybody, say, at 30,000 feet.",0,1,0.508206307888031,liar,100-200
"says marco rubio opposes immigration reform. worse, rubio supports donald trump. his plan would deport 800,000 children, destroying families.",0,1,0.6667329668998718,liar,100-200
"the 30 percent tax rate called for under president barack obamas proposed buffett rule is lower than the prescribed tax rate for millionaires already -- not just for millionaires, for people making over $200,000.",0,1,0.6180388331413269,liar,200-500
"this generation, on average, is starting their careers, if theyve been to a four-year college, with just under $30,000 in debt.",0,1,0.6076763272285461,liar,100-200
on tax breaks for businesses,0,1,0.7988401651382446,liar,0-50
"the national debt ""has gone up by $1,729,000,000 during the isner v. mahut match.""",0,1,0.5061535835266113,liar,50-100
says craig huey called planned parenthood a murder mill.,0,1,0.8010801076889038,liar,50-100
"lester holt, who anchors ""nbc nightly news,"" will be the moderatorfor the first debate. | getty everything you need to know about trump and clinton’s first 2016 presidential debate when is the first general election presidential debate? the first general election presidential debate of 2016 will be held at hofstra university in hempstead, new york on sept. 26. story continued below what time is the debate and how long is it? the debate will start at 9:00 p.m. eastern time and run for 90 minutes without commercial breaks. how can i watch the debate? it will be broadcast on all of the major television networks, as well as the websites for major cable news channels and c-span. who will participate in the debate? former secretary of state hillary clinton and celebrity real estate mogul donald trump. no other candidates qualified. who will moderate the debate? lester holt, who anchors ""nbc nightly news,"" will be the moderator. it’s his second time serving in that role in the 2016 presidential cycle. holt was also a moderator for the democratic primary debate on january 17. on february 15, 2015 holt became the substitute anchor of nbc nightly news after brian williams was suspended. four months later he became the permanent anchor. what is the format of the debate? the debate will be divided into six segments of 15 minutes each. each segment will start with a question from holt, after which each candidates will have two minutes for an initial response and then will be allowed to respond to each other. on monday, the commission on presidential debates announced the tentative topics for the debate: “america's direction,” “achieving prosperity,” and “securing america.” the topics are subject to change based on news developments, according to the commission. why aren't jill stein or gary johnson participating in the debate? libertarian party presidential nominee gary johnson and green party presidential nominee jill stein were not invited by the presidential debate commission. the commission said it would only invite candidates that averaged 15 percent in five national polls it selected. neither johnson nor stein made that threshold. what's at stake for hillary clinton? the debate is clinton’s chance to turn the page on a few weeks during which trump has eaten much of the polling lead she built following her convention. clinton’s camp has also been counting on her policy knowledge and debate experience to help her expose trump’s weaknesses, but the democratic candidate also comes in facing higher expectations than trump. what's at stake for donald trump? trump has been accused lacking policy gravitas and self-restraint, and both of those perceived weaknesses could be exposed in a debate, where candidates will be grilled on their familiarity with issues foreign and domestic and be expected to keep composed under rhetorical assault from their opponents. trump has the advantage, however, of low expectations: at several turns in the presidential campaign, even modest pivots away from his bombastic primary style were hailed as pivots to professionalism, and a similar self-restraint — provided he still hits the high notes his supporters are expected — could help him clear the low bar again. what is the most watched debate in presidential history? in 1980 the debate between president jimmy carter and republican presidential nominee ronald reagan garnered a viewership of 80.6 million people, the largest television audience for a debate since nielsen ratings began collecting viewership data in 1976. in 2012, the first general election presidential debate between president barack obama and republican presidential nominee mitt romney attracted about 70 million viewers. what's the most-watched television moment of all time? super bowl xlix in 2015 on nbc is currently the most watched television program in u.s. history, attracting 114 million viewers, according to nbc news. the new england patriots played against the seattle seahawks, winning the game 28-24. still, that pales in comparison to the estimated 600 million people worldwide who watched neil armstrong and buzz aldrin make the first moon landing on july 20, 1969, or the estimated 750 million people worldwide that watched prince charles of wales marry lady diana spencer on july 29, 1981. authors:",0,1,0.5959329009056091,fakenewsnet,500-5000
online voter registration is a more secure way of doing voter registration.,0,1,0.6875647306442261,liar,50-100
"president obama today vetoed a bill that would allow survivors of the 9/11 attacks, along with victims' families, to sue the government of saudi arabia. “i am returning herewith without my approval s. 2040, the ‘justice against sponsors of terrorism act’ (jasta), which would, among other things, remove sovereign immunity in u.s. courts from foreign governments that are not designated state sponsors of terrorism,” obama notes in the veto message. “i have deep sympathy for the families of the victims of the terrorist attacks of september 11, 2001 (9/11), who have suffered grievously. i also have a deep appreciation of these families' desire to pursue justice and am strongly committed to assisting them in their efforts.” the veto comes at the end of a 10-day constitutional window after congress' overwhelming approval of the legislation, setting up a fight that's likely to hand the outgoing president his first veto override. suffering his first veto override so late in his second term would be significant, especially considering the president's high approval ratings relative to the rest of his presidency. by comparison, former president george w. bush was overridden twice during his two terms in office and only in his final two years when his approval rating had plummeted. the last president to make it through a full presidency without a veto override is lyndon b. johnson. if passed into law, the legislation would allow victims of terrorism to sue foreign governments for damages. obama and the white house have argued that language in the bill could potentially compromise the principle of “sovereign immunity,” and put the u.s. government and entities at risk of being sued by other countries. ""overriding the president's veto means that this country will start pursuing a less forceful approach in dealing with state sponsors of terrorism and potentially opens up u.s. service members and diplomats and even companies to spurious lawsuits in kangaroo courts around the world,"" white house press secretary josh earnest explained to reporters today. ""our concern extends not just to the impact this would have on our relationship with saudi arabia, but rather the impact that this could have on the united states' relationship with countries around the world."" but the showdown has also put the obama administration at odds politically with the wishes of countless 9/11 families who argue they haven't had their day in court against all parties responsible for the terror attacks. saudi arabia has itself spoken critically of and personally lobbied against the effort, maintaining it had no role in assisting the 9/11 terrorists. the house and senate each passed the measure by unanimous consent. a veto override requires a two-thirds vote by each chamber, and the white house says it has been working diligently behind the scenes to rally enough democrats to block the override effort. obama's former secretary of state, hillary clinton, has also indicated she would sign the legislation into law if she wins the presidential election.",0,1,0.5982259511947632,fakenewsnet,500-5000
"says john raese said he wants 1,000 laser systems put in the sky, and we need it right now.",0,1,0.509620189666748,liar,50-100
"when you look at what we have done over the last decade, we created 1 million jobs in the state of texas. at the same time, (the rest of) america lost 2.5 million.",0,1,0.5253676772117615,liar,100-200
"when the necap proficiency test is re-given to the kids the second and third time, harder questions are taken out.",0,1,0.5189475417137146,liar,100-200
"current projections indicate that medicare will go bankrupt by 2017, while social security will bottom out by 2037.",0,1,0.7206440567970276,liar,100-200
"the clinton foundation took steps that went above and beyond all legal requirements and, indeed, all standard requirements followed by every other charitable organization.",0,1,0.6036295890808105,liar,100-200
says mitt romneys plan rolls back regulations on banks.,0,1,0.5447912216186523,liar,50-100
"says new start, passed while clinton was secretary of state, is a treaty cutting russias nuclear arms.",0,1,0.6367246508598328,liar,100-200
a republican bill that would change john doe criminal investigations is creating exceptions in the law for politicians.,0,1,0.6921432018280029,liar,100-200
illegal immigration and the crime rate are as low as theyve been in decades.,0,1,0.6061213612556458,liar,50-100
congress is bewildered at the scope and reach of our spying apparatus but in 2008 and 2012 explicitly rejected an amendment calling for more disclosure.,0,1,0.5571734309196472,liar,100-200
americans now support strikes (against isis) but the support for ground troops is not there. the support is very thin.,0,1,0.54510098695755,liar,100-200
wisconsins dead last in midwest job growth.,0,1,0.5778382420539856,liar,0-50
"fifa pressured brazil into passing a so-called budweiser bill, allowing beer sales in soccer stadiums.",0,1,0.5755069851875305,liar,100-200
says texas is last in workers compensation coverage.,0,1,0.5426791310310364,liar,50-100
people have a constitutional right to have semiautomatic rifles.,0,1,0.6619580388069153,liar,50-100
says max carries 30 percent of evening rush-hour commuters traveling from downtown on the sunset and banfield freeways.,0,1,0.5099450349807739,liar,100-200
"says according to the fbi, more people are killed each year with hammers and clubs than rifles.",0,1,0.5018295645713806,liar,50-100
"says a company that got tax breaks from the state later laid off 100 ohioans, even as its ceo cut a half-million-dollar check to kasichs super pac.",0,1,0.5490039587020874,liar,100-200
we know that every 85 visitors create one florida job.,0,1,0.5317611694335938,liar,50-100
"the federal government only ordered bp to pay ""to do one of those six segments"" of sand barriers for louisiana.",0,1,0.5723123550415039,liar,100-200
this president has offered fewer executive actions than almost any other president preceding his presidency in recent history.,0,1,0.5039994120597839,liar,100-200
crime is down in arizona.,0,1,0.7961220741271973,liar,0-50
president obama is actually increasing bush-era defense spending by $21 billion in the new fiscal year.,0,1,0.6205000877380371,liar,100-200
"floridas proposed amendment for medical marijuana would allow people who alleged minor ailments such as muscle spasms, neck pain, back pain and even menstrual cramps (to qualify) for government-sanctioned pot-smoking.",0,1,0.5920732617378235,liar,200-500
russia and china absolutely said clearly they would not keep economic sanctions on iran if the united states walked away from the deal.,0,1,0.6748543381690979,liar,100-200
"there are no rules governing the 2016 republican convention, the rules have not been set.",0,1,0.6950618028640747,liar,50-100
"there are 850,000 ohio jobs tied to the auto industry.",0,1,0.504483163356781,liar,50-100
"cleveland — donald trump campaigned wednesday morning in a church in a historically african-american community and sold himself as the candidate who could fix the problems of urban america. within hours, trump was proposing a vast expansion of “stop-and-frisk” policing policies that have proved explosively controversial in black communities for encouraging racial profiling. it was just another day in trump’s up-and-down black outreach campaign undertaken to wash away the stain of racism charges lobbed at him by hillary clinton and the democrats. story continued below the effort has taken trump from a black church in inner-city detroit earlier this month to addressing largely white audiences in rural north carolina where, on tuesday evening, he proclaimed in a small town named after a slaveholder that black communities ""are absolutely in the worst shape that they’ve ever been in before, ever, ever, ever."" on wednesday, trump hit the campaign trail with former boxing promoter don king — who dropped the n-word before a group of pastors at a cleveland church while extolling trump as a “gladiator.” king hailed trump as the rare candidate who would overthrow the existing political system under which minorities have suffered. “the system is the problem, and he’s the only gladiator that will take on the system,” king said. after the church event, trump sat for a “town hall” with fox news host and unabashed supporter sean hannity. asked by an audience member what he would do to address “violence in the black community,” trump embraced stop-and-frisk. “we did it in new york, it worked incredibly well,” trump said. fierce opposition to that policy in minority communities was among the issues that bill de blasio rode to prominence and, ultimately, the mayor’s office. but even before trump’s stop-and-frisk comments, he was taking heat for his “ever, ever, ever” remark tuesday night. “i don't know what mr. trump is talking about to say that the situation for african-americans is worse than it's ever been,” rep. john lewis, the democratic civil rights icon, said wednesday on msnbc. “is he talking about worse than slavery? worse than the system of segregation and racial discrimination — when we couldn't take a seat at the lunch counter and be served? worse than being denied the right to register to vote, to participate in the democratic process and live in certain neighborhoods and communities?” trump’s polling numbers among african-american voters have been dismal — in the low single digits — and some believe his outreach to black voters is as much about convincing moderate white voters, particularly women and those in the suburbs, that he is not racist. trump regularly brings up his outreach to blacks — “what do you have to lose?” he says — to largely white audiences. at the new spirit revival center in cleveland, trump assembled an eclectic kitchen cabinet of some of his closest advisers to attest to his beliefs before a diverse crowd. seated to trump’s right was mike pence, his soft-spoken running mate. to his left, outspoken longtime attorney michael cohen. behind him: king (“there’s only one,” trump said), former presidential rival ben carson (“tough”), retired lt. gen. michael flynn (“a tough general”) and former ""apprentice"" star omarosa manigault (“a wonderful woman”), who has helped with trump’s black outreach. “i’m different from a lot of republicans, frankly,” trump said from the pulpit. trump, who has called himself the “law and order” candidate, criticized the police officer who shot an unarmed black man in oklahoma last week. trump said he had watched the video and that the officer may have been “choking” in the fatal shooting. trump has mostly defended the police in such incidents. ""now, did she get scared? was she choking? what happened? but maybe people like that, people that choke, people that do that, maybe they can't be doing what they're doing, ok?” king, whom top gop officials had pushed not to speak at the republican national convention due to a past manslaughter conviction, was given the prime slot of introducing trump at a forum billed as a pastors leadership conference. king, clothed in a sparkling jacket and clutching the flags of israel and the united states, argued repeatedly that “the system” had oppressed minorities and women and only trump can upend it entirely. “every white woman should cast a vote for donald trump,” said king, who also went on an extended riff about the struggles of african-americans. “i told michael jackson, i said if you're poor, you're a poor negro — i would use the n-word — but if you rich, you are a rich negro; if you are intelligent, intellectual, you're an intellectual negro; if you're a dancing and sliding and gliding n-----, i mean, negro,” king said. when trump took his turn at the pulpit minutes later, he grinned, “ah, there’s only one don king.” before king, cohen, trump’s attorney, used his time at the church to slash at the “disgusting, liberal, mainstream media” and its casting of trump as a “racist.” “the word of the 2016 election has somehow become ‘racist,’” cohen complained. “i’ve lost count as to how many times the disgusting, liberal, mainstream media have attempted to label mr. donald trump as racist, a xenophobe and a bigot. and let’s not forget, sexist, misogynist, narcissist, islamophobe, anti-hispanic, anti-semite demagogue. and countless others. it’s disgraceful.” cohen said, “not only is donald trump not a racist, he believes that all people are part of one race: the human race.” trump insisted that democrats had abandoned black voters, and that he wouldn’t. “they come and they take your vote,” trump said, “and they say they’ll see you in four years.” authors:",0,1,0.5821231007575989,fakenewsnet,>=5000
abraham lincoln visited and some say even danced in (the ohio senate) chamber.,0,1,0.5304836630821228,liar,50-100
"says sen. rob portman says ted strickland earned $400,000 a year as a lobbyist after leaving ohio for washington.",0,1,0.5317120552062988,liar,100-200
it is a commitment voters take very seriously: the only incumbent in ohio to break his pledge and vote for ted stricklands income tax hike was defeated soundly on tuesday.,0,1,0.5560798048973083,liar,100-200
"nathan deal cut the hope scholarship program so that literally 100,000 georgians will not be able to go to college or get technical training that they so badly needed to raise -- you know, give them a chance at a good job.",0,1,0.6680812835693359,liar,200-500
romneycare was model for obamacare.,0,1,0.7691691517829895,liar,0-50
says romney said we should ask pakistan for permission to take a shot at osama bin laden.,0,1,0.7216576933860779,liar,50-100
"its a good sign for obamacare that in california, the proportion of kids who are signing up is the proportion of kids in the population.",0,1,0.6848044991493225,liar,100-200
"you know, we spent $3-million to study the dna of bears in montana.",0,1,0.5172096490859985,liar,50-100
"walking in the door (sonia sotomayor) would bring more experience on the bench, and more varied experience on the bench, than anyone currently serving on the united states supreme court had when they were appointed.",0,1,0.5057038068771362,liar,200-500
2014 midterm election spending by the left and the right are both equal.,0,1,0.5099246501922607,liar,50-100
"says ted strickland in this campaign bragged about his a-plus rating with the nra. ... he has said he has a mixed and spotty record on this issue and that he can be criticized for it. those are his words, not mine. so i dont know where he is on this issue.",0,1,0.5287975072860718,liar,200-500
"400,000 oregonians have gained access to health care through the affordable care act.",0,1,0.668322741985321,liar,50-100
says republicans want to cut education by 25 percent.,0,1,0.5528244972229004,liar,50-100
"when president obama landed in cuba on air force one, no leader was there, nobody, to greet him -- perhaps an incident without precedent in the long and prestigious history of air force one.",0,1,0.5635326504707336,liar,100-200
barack obamas recess appointment of richard cordray is precisely what then-sen. obama claimed would be the wrong thing to do.,0,1,0.7864948511123657,liar,100-200
"you know, when this thing first hit, i signed a declaration of emergency for the six counties that were directly affected, impacted in the panhandle, then i extended that not long thereafter down into sarasota county.",0,1,0.5361801981925964,liar,200-500
says nevadans will have a double-digit hike in their obamacare premiums for the year and 10 of nevadas 16 counties will only have one obamacare...exchange insurer,0,1,0.53099125623703,liar,100-200
says potential gop u.s. senate candidate tommy thompson supported obamacare,0,1,0.5045179724693298,liar,50-100
"""he didn't ask her about a lot of things she should have been asked about,"" donald trump said about lester holt. | getty post-debate, trump team hits moderator holt for 'some hostile questions' donald trump and his campaign complained tuesday morning that debate moderator lester holt targeted him for unfair questioning while neglecting to ask hillary clinton about any of her various scandals. “they were leaving all of her little goodies out. they didn't ask her about, you know, much,” trump said on fox news’s “fox and friends.” “but i was asked about my tax returns, which i've told about 500 times. but, you know, i think i did — i think i really did well when we were asked normal questions. i think i did really well in answering those questions, but those questions are not answerable in a positive light.” story continued below still, trump was upbeat overall about the debate, which he said “went really well” despite “some hostile questions.” the manhattan billionaire gave holt a c+ for his performance as moderator, praising him for his issue-based questions in the first 45 minutes of the debate but attacking him as biased for a series of more direct questions about a housing discrimination lawsuit filed against trump’s real estate company in the 1970s, even though it was clinton who brought up the justice department lawsuit. “i didn’t think he did a bad job. you know, when you look at it, you watch the last four questions, he hit me on birther, he hit he on a housing deal from many years ago that i settled with no recourse and no guilt. he asked me about that,” trump said. “that's a beauty to be asked, you know, 40-year-old lawsuit, or older. i just hate to say it’s older because then you’ll know, then [fox news anchor ainsley earhardt] will say “’wow i didn’t know trump was that old.’ hey, she’ll be unimpressed.” “well, he didn't ask her about the emails at all. he didn't ask her about her scandals. he didn't ask her about the benghazi deal that she destroyed,” he said. “he didn't ask her about a lot of things she should have been asked about. i mean, you know, there's no question about it. he didn't ask about her foundation.” attacking holt became a running theme from trump's campaign tuesday morning, as both his running mate and campaign manager took to the morning shows to criticize the moderator. ""i was disappointed that lester did not get into some of the issues that had been in so much of the forefront of hillary clinton’s candidacy – the fbi investigation, pay to play, the whole disastrous events that took place in benghazi and libya – that never came up,"" gop vice presidential candidate mike pence said on good morning america. trump's campaign manager kellyanne conway took a similar line, saying on cnn tuesday that there were topics she wished holt would have raised. “i just would have liked to have heard more about benghazi or e-mails or the clinton foundation since these are very clearly in the news,"" she said. ""you know, one of our guests last night was mark geist, not mark cuban, mark geist, who's a benghazi hero and survivor. and you know, he was within several feet or yards of them and i think it's a good reminder to be americans of what her record is on that particular issue."" while the republican nominee insisted that he had outperformed clinton at the debate, he said that he struggled throughout the night with a defective microphone that made him difficult to hear for the audience in the debate hall. trump suggested that perhaps his microphone, which he said worked perfectly earlier in the day, had been tampered with. “i had a problem with a microphone that didn't work. i don’t know if you saw that in the room, but my microphone was terrible. i wonder, was it set up that way on purpose,” he said. “my microphone, in the room they couldn't hear me, you know, it was going on and off. which isn't exactly great. i wonder if it was set up that way, but it was terrible.” asked if clinton had successfully managed to get under his skin during their 90-minute back-and-forth, trump said she had not until the end of the debate, when the former secretary of state brought up miss universe winner alicia machado, who trump called “miss piggy” and “miss housekeeping” because of her latin heritage. addressing trump directly about the name-calling, clinton said, “donald, she has a name. her name is alicia machado. and she has become a us citizen and you can bet she is going to vote this november."" “i know that person, that person was a miss universe person, and she was the worst we ever had. the worst, the absolute worst. she was impossible, and she was a miss universe contestant and ultimately a winner who they had a tremendously difficult time with as miss universe,” he said. “she was the winner, and, you know, she gained a massive amount of weight, and it was a real problem. we had a real problem. not only that, her attitude, and we had a real problem with her, so hillary went back into the years and she found this girl. this was many years ago, and found the girl and talked about her like she was mother teresa and it wasn't quite that way, but that's okay. hillary has to do what she has to do.” authors:",0,1,0.5466040372848511,fakenewsnet,>=5000
"jeff mann has an ethics complaint against him alleging he used county workers for campaign work, which is an indictable offense.",0,1,0.5730898976325989,liar,100-200
"47 - new provisions obamacare charges the irs with implementing, according to the government accountability office.",0,1,0.6916974186897278,liar,100-200
took on the olympics and turned them around,0,1,0.6626040935516357,liar,0-50
(mccain) was opposed to ethanol. now he's for it.,0,1,0.5052621960639954,liar,0-50
"says the health care reform bill was paid for, in part, by taking money from students and the student loan system.",0,1,0.6542975902557373,liar,100-200
the confederate battle flag in south carolina was first flown at the statehouse in 1961.it was flown as a symbol of massive resistance to racial desegregation.,0,1,0.5690719485282898,liar,100-200
"the federal budget bill reauthorizes the overseas private investment corporation, which provides taxpayer dollars so that the four seasons hotel can build a resort in turkey.",0,1,0.5982102155685425,liar,100-200
"statistics show that more people at this time telecommute than they ride carpools, mass transit, bicycle or walk.",0,1,0.6051021814346313,liar,100-200
"when i was mayor of new york city, i encouraged adoptions. adoptions went up 65-70 percent. abortions went down 16 percent.",0,1,0.6342753171920776,liar,100-200
the fbi is involved in an investigation about people in the rio grande valley who are using cocaine to buy votes.,0,1,0.7606542706489563,liar,100-200
"a family of four can make up to $88,000 a year and still get a subsidy for health insurance under the new federal health care law.",0,1,0.5886021256446838,liar,100-200
we got a million jobs.,0,1,0.5097857713699341,liar,0-50
the first installment of health care reform ... will raise the deficit by $250 billion.,0,1,0.6887131333351135,liar,50-100
"and by the way, when i was governor, i did make the payment into the pension fund.",0,1,0.6513922810554504,liar,50-100
budget analysts say the looming tax hikes and spending cuts would take us into a recession and kill jobs.,0,1,0.7393910884857178,liar,100-200
the treaty of tripoli signed by president john adams was his outreach to muslims.,0,1,0.7422947883605957,liar,50-100
the stock market does better when you have a democratic president in the white house.,0,1,0.6723533272743225,liar,50-100
"you can hire lots of bureaucrats. thats what the presidents done. hes added 135,000 people to the government workforce.",0,1,0.6530443429946899,liar,100-200
bruce rauner is of record that he will fully support the trump candidacy. its documented. its available.,0,1,0.5355017185211182,liar,100-200
"says his elections proposal would allow a potential of 168 hours (of early voting), which i think is the most weve ever had.",0,1,0.632455050945282,liar,100-200
"if you like your health care plan, you can keep your health care plan.",0,1,0.8817596435546875,liar,50-100
"when i started in ohio it was terrible. now, were getting bipartisan support for our bills. and thats called leadership.",0,1,0.5184380412101746,liar,100-200
zika mosquitoes cant catch me.,0,1,0.5119950771331787,liar,0-50
"under the federal controlled substance act, marijuana is listed in the same schedule i as heroin, even though marijuana is not a killer drug like heroin.",0,1,0.6259846091270447,liar,100-200
says u.s. rep. steve southerland voted to keep the shutdown going.,0,1,0.7566295266151428,liar,50-100
the budget for the consumer financial protection bureau is only about 1 percent of the amount banks generate just from late fees and overdraft fees.,0,1,0.5426249504089355,liar,100-200
"says democrat hank gilbert has a criminal conviction for theft, has multiple years of unpaid taxes, has multiple tax liens and fines, unsafe driving convictions (and) has recently been accused of taking a bribe and is on record lying to the press this year about his criminal record.",0,1,0.5724707841873169,liar,200-500
anyone can die of a toothache.,0,1,0.6167919635772705,liar,0-50
