text,true_label,predicted_label,prob_real,prob_fake
no poll done this year ... shows less than a majority to reinstate a federal ban on assault weapons.,0,0,0.5661885253588419,0.43381147464115816
joe garcia raised utility rates on families.,1,0,0.6563712159333597,0.3436287840666404
were the worst state in the country at moving people from welfare to work.,1,0,0.665876001040524,0.33412399895947603
there was serious voter fraud in new hampshire.,1,1,0.4747183629195513,0.5252816370804487
we are experiencing the worst economic recovery america has ever had.,1,0,0.563566320789141,0.43643367921085896
says mitt romney put planned parenthood on a state medical board but failed to put a pro-life group on the same board.,0,1,0.4656096509017561,0.5343903490982439
says new figures he released showing wisconsin job gains for 2011 are the final job numbers.,1,1,0.30486966860554443,0.6951303313944556
"small businesses that have $250,000 in gross sales for the business. theyre the ones that are looking at massive tax increases.",1,0,0.5002484973995747,0.4997515026004253
gov. mcdonnells proposed budget is cutting public education.,1,0,0.523087059454918,0.4769129405450821
"says that in 2007, oregon ranked 25th -- or 7th from the bottom -- in percentage of children with untreated decay compared to 32 other states with similar data.",1,0,0.6914808903512661,0.3085191096487339
we were the last flag flying in benghazi.,1,1,0.22836706391884776,0.7716329360811522
"metro atlantans spend over an hour every day or five hours a week commuting, for a total of 260 hours a year.",0,0,0.5144405595258581,0.48555944047414185
"at a minimum, 40 percent of those who view child pornography end up molesting children as a result.",1,0,0.6639743863836649,0.33602561361633504
ninety percent of texans say they do not want the nursing homes to close. it polls higher than anything else.,0,0,0.5821381088046391,0.4178618911953609
says the national health care law puts federal bureaucrats between an american citizen and her doctor.,1,1,0.16908983340998873,0.8309101665900113
"when president, then candidate, obama was asked to disclose some of his donors because there was suspicion of their being the foreign source of money into his campaign, they refused to do it.",1,1,0.36832464578096014,0.6316753542190399
georgia and other states with weak gun laws have more crime.,0,0,0.6617083672453111,0.3382916327546889
"because gov. chris christie vetoed a 30-bill job creation package, new jersey ranks 50th in the nation in job creation.",1,0,0.7488992139793923,0.2511007860206077
"says the new york giants train in new jersey, they play in new jersey and most of their players live in new jersey.",0,0,0.626075874086649,0.37392412591335106
the new hartsfield-jackson international terminal was on time and on budget.,1,1,0.4641646507425252,0.5358353492574748
says hillary clinton wants to go to a single-payer plan for health care,1,1,0.2602924580137107,0.7397075419862893
the rate of u.s. female homicide victimsoutnumbers 24 other developed countries by more than 2 to 1.,0,0,0.7102790714256472,0.28972092857435283
georgia ranks last in job growth.,0,0,0.7747107270919693,0.22528927290803064
"says president barack obama gives students the right to repay (federal) loans as a clear, fixed, low percentage of their income for up to 20 years.",0,1,0.19254891771946991,0.8074510822805301
"the u.s. gives foreign aid to cuba and venezuela, even though those countries are our enemies.",1,1,0.4184257571029989,0.5815742428970011
"deficit spending exploded during the obama administration to $5.3 trillion over four years, compared to $2 trillion in eight years under president george w. bush.",0,0,0.6840679514748019,0.3159320485251981
"whether the amendment passes or not, the medical use of marijuana is a federal criminal offense.",0,1,0.4373193946550542,0.5626806053449458
says david jollys former firm lobbied for hundreds of millions (of dollars) for a dictator in pakistan.,0,1,0.492928830809121,0.507071169190879
jim renacci cheated on his income taxes and is a deadbeat citizen.,0,1,0.4565554155472056,0.5434445844527944
"says under the senate immigration bill, newly legalized immigrants will pay every tax possible, but you dont get a single benefit for 10 years.",0,0,0.53669347171601,0.46330652828399
russ feingold has not worked anywhere outside of politics.,1,1,0.25453010971490986,0.7454698902850901
"on u.s.-israeli relations, prime minister benjamin netanyahu set the record straight he said, our two countries have exactly the same policy (and) our security cooperation is unprecedented.",0,0,0.5277232633113894,0.4722767366886106
every republican senate candidate has now announced whether or not they support the senate taking up the supreme court vacancyexcept for congressman heck.,1,0,0.5376104594248148,0.4623895405751853
"literally, by the time a child is 18 years of age, theyve killed over 100,000 people in video games and other online things.",0,0,0.5616662573334288,0.43833374266657116
says over 90 percent of travis countys eligible residents have registered to vote.,0,1,0.446969121335531,0.553030878664469
"in 2010, 2,694 young people were killed by gunfire. 1,773 were victims of homicide; 67 were elementary school-age children.",0,1,0.45275784513749173,0.5472421548625083
"on the day that (the republican) state leader resigned in disgrace, a shred-it' truck rolled up to republican headquarters.",0,0,0.6648613748789464,0.33513862512105363
says bernie sanders was there when it came to (same-sex) marriage 20 years ago. ... he was there when it wasnt popular.,0,1,0.43758936187044806,0.5624106381295519
says bill white profiteered in the aftermath of hurricane rita.,1,1,0.21787059759628713,0.7821294024037129
a tax on soda and juice drinks would disproportionately increase taxes on low-income families in philadelphia.,0,0,0.5536073040858678,0.4463926959141323
the children coming across the southern u.s. border were never examined after they got here and quarantined if they had a disease. they were just sent out across the country. many of them had measles ... we now have an outbreak of it all because of our immigration policy.,1,1,0.45982372829341367,0.5401762717065863
"says mitt romney is wrong to claim that spending under obama has accelerated at a pace without precedent in recent history, because its actually risen slower than at any time in nearly 60 years.",0,0,0.7778949618593792,0.22210503814062077
guantanamo detainees get taxpayer-paid-for prayer rugsthey had honey-glazed chicken and rice pilaf.,0,1,0.3530380706510836,0.6469619293489164
i never considered myself a maverick.,1,0,0.5912316874637185,0.40876831253628154
"toledo is fourth in the nation behind much bigger cities miami, las vegas, portland in number of human trafficking arrests and rescues.",1,0,0.5390169290161562,0.46098307098384383
"more than 250 (voter registration) groups, ranging across the entire political spectrum, have filed with the state and are registering voters right now.",0,1,0.30398014454250777,0.6960198554574922
says the claims that texas faces a $27 billion shortfall are flat-out false.,1,1,0.4496105826709087,0.5503894173290913
"marijuana is a schedule i drug, which you understand means that you cant do any research about it.",1,1,0.4995597586007354,0.5004402413992646
28 percent of kentuckians dont have any online access.,0,0,0.6585347106802222,0.3414652893197778
rhode island already gets more revenue per capita from gambling than any other state in the country.,0,1,0.4742691920150508,0.5257308079849492
says the obama administration plans to ban all weapons for u.s. citizens through international treaties.,1,1,0.458869058662813,0.541130941337187
mitt romney said it was tragic to end the war in iraq.,0,0,0.6508924504973436,0.34910754950265643
on federal stimulus money for expanding rail service.,0,1,0.3295322284632638,0.6704677715367362
kelly ayotte has voted to defund planned parenthood six times.,0,0,0.5400891884435493,0.45991081155645075
a gay man who survived #orlando hate crime can still show up to work in fl tomorrow and have his boss fire him simply because he is gay.,0,1,0.3547473349213629,0.6452526650786371
the paris agreement is by far the largest number of countries ever to sign an international agreement on a single day.,0,0,0.7255267415115119,0.27447325848848814
"says the clinton foundation accepted millions and millions of dollars from governments like algeria, saudi arabia, oman and the united arab emirates, which violated a ban on all contributions to the foundation from foreign nations.",1,1,0.38953922279462816,0.6104607772053718
says recall organizers started their website last november and began work on their effort before he even took office.,1,1,0.3815354826173001,0.6184645173826999
"kim myers voted repeatedly to raise taxes on the people of broome county, but made millions off of tax savings when her family business relocated its headquarters.",0,1,0.49849508624902217,0.5015049137509778
already in wisconsin we have seen fewer people pursuing education as a career due to the act 10 collective bargaining law.,1,1,0.4240479479793342,0.5759520520206658
"top u.s. intelligence officials have toldevery member of congress, including the president, were about to be attacked in a serious way because (of) the threat emanating from syria and iraq.",0,1,0.39027398471283425,0.6097260152871657
mccain opposes repeal of the death tax.,0,1,0.48417216395417717,0.5158278360458228
says republicans supported legislation on early voting and in-person voting in 2005.,0,0,0.6931703174034581,0.30682968259654186
"fewer black and latino men participate in the labor force, compared to young white men.",0,0,0.5045024399619208,0.4954975600380792
says the government has gotten the tarp money back plus a profit.,1,1,0.22071088753420465,0.7792891124657954
says donald trump claimed our armed forces are a disaster.,0,0,0.5157396004818499,0.48426039951815014
"taxpayers pay $18,000 a month for house speaker nancy pelosis district office in downtown san francisco.",0,0,0.5842040476423154,0.41579595235768463
high school students arrested on campus are twice as likely not to graduate and four times less likely to graduate if theyve appeared in court.,0,0,0.5925638096936403,0.40743619030635964
"says milwaukee county spent over $170,000 in salaries in 2010 for employees to participate in union activities such as collective bargaining.",0,1,0.48713383986146164,0.5128661601385384
says ohio treasurer josh mandel supports allowing the united states to default on its obligations.,1,1,0.4350852188888624,0.5649147811111376
says her representation of an ex-boyfriend who was then my friend in a family law case is something that lawyers do on a regular basis.,1,0,0.5298143714968073,0.47018562850319273
wisconsin gov. scott walkers move to limit collective bargaining rights has led to riots at the capitol -- its like cairo has moved to madison these days.,1,1,0.4499754144225143,0.5500245855774857
says politifact listed governor scott walker of wisconsin as the governor who told the most lies and our own untruthful governor chris christie made it into politifacts top five of lie - en governors.,1,1,0.3073931987434846,0.6926068012565154
on using the strategic petroleum reserve.,1,1,0.31706933891117284,0.6829306610888272
says the obama administration has fulfilled all of texas requests for fire management assisting grants.,0,1,0.3731524235791298,0.6268475764208702
says patrick murphy wrongly conveyed rubios stance on abortion for women infected by zika.,1,1,0.2738673662434795,0.7261326337565205
the canadians they (dropped) their tax rates to 15 percent. the average tax rate on businesses in the industrialized world is 25 percent.,0,0,0.7417789608142265,0.2582210391857736
the last time republicans held hostage a resolution to ensure that our countrys bills were paid cost us more than $1 billion in added interest and slowed the economic recovery.,0,0,0.6401887724911912,0.35981122750880884
fiorinas plan would mean slashing social security and medicare.,1,1,0.2727340817792845,0.7272659182207155
says up to a quarter of african americans dont have government photo id.,0,0,0.5549153982761723,0.44508460172382763
"[e]mployment in gwinnett is up more than 3 percent over last year, and unemployment is the lowest of the five core metro counties.",0,0,0.5689918717941789,0.4310081282058211
"the 48, 49 percent that supports president barack obama are people who pay no income tax.",1,1,0.4026236244727134,0.5973763755272866
clackamas county commissioners approved a re-negotiated agreement to lower the countys contribution to trimets portland-milwaukie light rail project to $19.9 million from $25 million.,1,0,0.5942011840733629,0.40579881592663714
nasa scientists fudged the numbers to make 1998 the hottest year to overstate the extent of global warming.,1,1,0.25070252379370106,0.7492974762062989
"long-term federal investment in u.s. airports is urgent because there was a recent survey of the top airports in the world, and there was not a single u.s. airport that came in the top 25.",0,1,0.39728145919205704,0.602718540807943
"in april, sen. mccain came out against helping women earn equal pay for equal work.",0,1,0.35697040644481204,0.643029593555188
"hillary clinton said this year's election will impact the next 50 years of america. | ap photo clinton: ‘the next 50 days will determine the next 50 years’ hillary clinton on tuesday warned that the nearly 50-day sprint to election day will impact far more than just the next four or eight years. making an appeal to black voters during an interview on the “steve harvey morning show,” clinton stressed that voters can’t sit this one out. story continued below “every issue they care about is at stake in this election,” clinton said. “this is not: ‘oh, you know, a little here, a little there. we can — you know, we can take it, no matter who wins.’ no. the next 50 days will determine the next 50 years, and i say that absolutely seriously.” the former secretary of state said she hopes everyone is registered to vote and directed listeners to a website to find out whether they’re registered “because i need you.” “we gotta stand up and be counted in this election,” she added. clinton’s comments come after president barack obama made an appeal on clinton's and his own behalf in an address to the congressional black caucus foundation on saturday. “my name may not be on the ballot, but our progress is on the ballot,” obama said. “tolerance is on the ballot. democracy is on the ballot. justice is on the ballot. good schools are on the ballot. ending mass incarceration, that’s on the ballot right now.” but up next on the docket is the first presidential debate between clinton and trump on monday in new york, where the former senator expects to absorb a bunch of body blows from an aggressive foe. “i am going to do my very best to communicate as clearly and fearlessly as i can in the face of the insults and the attacks and the bullying and bigotry that we’ve seen coming from my opponent,” she said. “you know, i can take it, steve. i can take that kind of stuff. i’ve been at this and, you know, i understand it’s a contact sport.” what clinton won’t take, though, is any insults toward anyone else. “you know, his attacks on african-americans and immigrants and muslims and women and people with disabilities, it’s just — it’s just something we cannot tolerate,” she said. as clinton wrapped up her interview, trump taunted her on twitter: “hillary clinton is taking the day off again, she needs the rest. sleep well hillary — see you at the debate!” authors:",0,0,0.5246097333058106,0.47539026669418943
"the georgia department of economic development assisted with the creation of 28,776 jobs, an increase of 29 percent from last fiscal year, and $5.97 billion in investments, a 32 percent increase.",0,0,0.692206932493304,0.30779306750669605
no family earns too much to qualify for oregon healthy kids program.,0,0,0.6074075936201353,0.39259240637986476
leticia van de putte voted to stop schools from removing teachers convicted of a felony.,1,1,0.3482661826951211,0.6517338173048789
the 2010 dream act failed despite strong bipartisan support.,1,0,0.7284992429808725,0.2715007570191274
"obama ""won health care for 150,000 people.""",0,1,0.45665001974751174,0.5433499802524883
obamacare will drive 2.5 million americans out of the workforce.,1,0,0.6041676162572776,0.3958323837427224
"everyone on californias roads is properly licensed, tested and insured.",1,0,0.6359384217715113,0.3640615782284887
roy blunt voted to raise his own pay 12 times while in congress.,1,0,0.6002638051517266,0.39973619484827344
"if you already have health insurance through your job, or medicare, or medicaid, or the va, nothing in this plan will require you or your employer to change the coverage or the doctor you have.",0,1,0.237371168489668,0.762628831510332
"bob menendez just voted to increase the governments debt ceiling to $1.9 trillion! in his 19 years in congress, menendez has helped overspend america over $15 trillion into debt.",1,0,0.6970516051914899,0.3029483948085101
says the states new collective bargaining law effectively eliminates police unions ability to negotiate.,0,1,0.43488665556750206,0.5651133444324979
"hillary clinton ""starts off with 47 percent of the country against her.""",0,0,0.5532763956534286,0.4467236043465715
"says epa regulation of greenhouse gases will endanger 575 texas dairy facilities, 58 swine operations, 1,300 corn farms and 28,000 beef cattle operations.",1,0,0.5281192119486824,0.4718807880513176
says his tax plan wouldnt leave the federal government with a $1.1 trillion hole.,1,1,0.4839926460856111,0.5160073539143889
mexico receives approximately $24 billion a year in remittances from mexican nationals working in the united states. the majority of that amount comes from illegal aliens.,0,0,0.5207500174871129,0.47924998251288703
if you want out of the individual mandate... all you have to do now is tick off the box that says hardshipand youre out.,1,1,0.45448231835454134,0.5455176816454587
i spent only $36.29 on my campaign for governor.,0,0,0.5901501611947794,0.40984983880522063
says oregon is one of only three states that allow the use of gillnets on inland waters.,1,0,0.6085298455049959,0.39147015449500405
the house of delegates budget bill cuts $50 million from education.,0,0,0.6822774370033393,0.31772256299666063
virginia has made no progress on jobs since bob mcdonnell took office.,1,1,0.4233534068484536,0.5766465931515464
"the federal consumer financial protection bureau is collecting financial information, monitoring financial information of millions of americans without their knowledge and storing it for up to 10 years.",0,1,0.48611374384166606,0.5138862561583339
"hillary’s top donor country just auctioned off isis sex slaves… why in the hell do we still support saudi arabia? we don’t need their oil… we would make do. the majority of the 9/11 terrorists came from saudi arabia, as does the bin laden family. the saudi deputy crown prince told reporters in june the kingdom of saudi arabia has funded 20% of hillary clinton’s campaign. she’s taking money from a stone cold enemy and that’s not the only one by any means. you do not consort or take money from those who intend to destroy your country… period. that goes for middle eastern countries such as saudi arabia, russia, china, iran and north korea. it also includes any dictatorship or communist strongman. we never learn our lesson, do we? now it comes to light that saudi arabia is selling isis sex slaves off to the highest bidder at public auctions. iraqis, syrians, saudis and westerners all bought slaves at the auction. this is monstrous and going on right out in the open. it should be stopped cold… whatever it takes. britain needs to stop selling the saudis weapons and we need to pull our politicians out of the saudi bedroom and back home. they are killing us and enslaving women and children. how can we silently stand by while this evil goes on? from jihad watch: it isn’t news that the islamic state has long been abusing and trafficking sex slaves – especially yazidi girls – but it has been now discovered that the sex slaves of is are being “sold in horrifying auctions to uk ally saudi arabia.” an eyewitness reported: × 101 things all young adults should know by sir john hawkins john hawkins's book 101 things all young adults should know is filled with lessons that newly minted adults need in order to get the most out of life. gleaned from a lifetime of trial, error, and writing it down, hawkins provides advice everyone can benefit from in short, digestible chapters. buy now dozens of women were being held in a large room, and it was not only iraqis and syrians trading women but also saudis and westerners, whose actual nationality was not clear. western women have also been reported to be among the victims in keeping with the islamic state’s practice of enslaving kafir women: the islamic state’s human trafficking operation includes enslaving women who they consider to be ‘kafir’, non-muslim people like yazidis and christians, before selling them for money. the depraved thugs are also involved in the radicalisation of young women all over the world and try to tempt them to come to their caliphate with false promises of wealth, marriage and forgiveness of sin. as these women are ‘rescued’ from isis, they are not being given freedom. they are being sold on the auction block into a hellish existence. these are the people that hillary clinton takes money from, makes deals with and hobnobs with. monsters of a feather. i have said for a long time, not only are the saudis sponsoring isis, so are the russians. we are being played. our own president is complicit. let’s not elect another corrupt demon who cares nothing of women and children being sold to rapists. after all, hillary clinton is married to one.",1,1,0.21233086501269882,0.7876691349873012
the florida department of agricultures website freshfromflorida.com can be used to get a permit to carry a loaded hidden gun without ever leaving your house.,1,0,0.5218108009244944,0.4781891990755056
"the stimulus includes ""$219,000 to study the sex lives of female college freshmen.""",0,1,0.496944508787448,0.503055491212552
"over 12,000 school kids were arrested in florida. it makes florida the nations leader in that area.",0,0,0.5758246349523692,0.4241753650476308
"in 2001 and 02 . . . we had the pension system funded at (the)100% level in that year, and we did for two years at that point.",1,0,0.767480121704369,0.23251987829563098
"under president george w. bush, ""the national debt went from $5 trillion to $12 trillion.""",1,0,0.7465852756589593,0.25341472434104073
"the senate health care bill ""would leave 24 million people without insurance coverage.""",0,0,0.6750372156480131,0.32496278435198694
says texas has the 15th largest economy in the world.,0,1,0.4941848599605656,0.5058151400394344
"a cashier earning $20,000 per year pays the same (virginia) income tax rate as a hedge fund manager earning $20 million per year.",1,0,0.5777146151975798,0.42228538480242017
"says scott browns carrying some big oil baggage because he collected over $400,000 in campaign contributions.",0,0,0.6527363658067724,0.34726363419322753
"tim kaine reduced higher education funding by 25 percent when he was governor, driving up tuition...",0,1,0.4843443611787769,0.5156556388212231
one would have to go back more than a century to find a scenario where a presidents nominee for the supreme court was confirmed by the opposition party in the senate when the vacancy occurred during an election year.,0,0,0.5117693824887533,0.4882306175112467
former president george w. bush and former vice president dick cheney are unable to visit europe due to outstanding warrants.,1,1,0.3985903694258005,0.6014096305741995
"there are 7,000 kids in new hampshire who have health care because i helped to create the children's health insurance program.",0,0,0.58593126796155,0.41406873203845
"this march, for the first time in human history, the monthly average carbon dioxide in our atmosphere exceeded 400 parts per million. the range had been 170-300 parts per million for hundreds of thousands of years.",0,0,0.6745478328534905,0.3254521671465095
the government will go out and buy my breast pump for my babies.,1,1,0.4635479803896001,0.5364520196103999
barack obama hasn't passed any (bills).,1,1,0.3497053504473667,0.6502946495526333
"in the house health care bill, ""something like 2 percent of the people would [be] eligible even to get the public option.""",1,1,0.4247214284209613,0.5752785715790387
says jeb bush extended early voting after seeing long lines.,1,0,0.633539449831154,0.36646055016884604
"the president won the youth vote 3 to1, but his numbers have dropped 20, 30 percent among the youth.",0,1,0.4508950604252189,0.5491049395747811
"says nancy pelosi said, waiting long hours in the emergency room will allow you to make new friends!",1,1,0.24785622059383183,0.7521437794061682
"boom! charlotte officials finally silence rioters with one e p i c announcement! [video] the rioting in charlotte has practically crippled the city. businesses were looted, windows were smashed. so-called protesters have committed any number of crimes, from arson and assault, to murder. north carolina governor pat mccrory was forced to declare a state of emergency and called in the national guard to get the situation under control. and now, government officials have had enough too. they just made a huge announcement that will have people thinking twice before they start protesting again. officials just released a proclamation that says any people caught rioting, looting, destroying property or otherwise being violent in any unlawful manner will have their government benefits permanently revoked. but it doesn’t end there — any minor children who participate in the violence will face the same repercussions… and so will their parents. the parents of minors caught rioting will not only be held accountable for their child’s actions, but they could face losing their state benefits as well. they could also face referrals to social services and could potentially lose custody of their children. “parents are responsible for their children. if they are allowing them to engage in lawless behaviors there will be consequences for them as parents,” city official wilson stewart said during a press conference. “many of the individuals we have detained are high school students. we urge parents out there to know where their children are at all times until tensions are quelled. have them adhere to the mandatory curfew. make them aware that participation in looting, destruction of property and violently demonstrating on any level will come with severe penalties.” × 101 things all young adults should know by sir john hawkins john hawkins's book 101 things all young adults should know is filled with lessons that newly minted adults need in order to get the most out of life. gleaned from a lifetime of trial, error, and writing it down, hawkins provides advice everyone can benefit from in short, digestible chapters. buy now will this keep protesters from turning violent? will it prevent thugs from exploiting a tragic death so they can have an excuse to riot and loot and attack people? only time will tell, but at least now they will know that there are serious consequences to their actions. parents may also be more inclined to keep an eye on their kids and you know… act like parents. let’s be real, if your kid is caught rioting and looting, then there’s a good chance you’re not doing a good job at parenting. officials have also put a curfew into place as they work to restore peace and order in charlotte.",1,1,0.3358859327768803,0.6641140672231197
"barack obama ""extended health care for wounded troops who'd been neglected.""",0,1,0.31454266099785877,0.6854573390021412
for most black people in the history of this country it was illegal to pass as a white person. you were actually put in jail if you tried to pass.,0,1,0.4448666648312497,0.5551333351687503
tsa will accept drivers priv cards for id at the airport,0,1,0.4360283041006475,0.5639716958993525
"says his reform efforts improved performance at all 10 low-performing schools in palm beach, florida.",0,0,0.5676895990380028,0.43231040096199724
hobby lobby provided this (birth control) coverage before they decided to drop it to file suit.,0,1,0.3705740184132623,0.6294259815867377
the deal to raise the federal debt limit created the largest debt ceiling increase in americas history.,0,0,0.6156197090090634,0.3843802909909366
obamacare enrollment lie: obama counts an enrollee as a web user putting a plan in their online shopping carts.,1,1,0.30813990368461,0.69186009631539
says new jersey has fewer jobs since gov. chris christie took office.,1,0,0.5181487274959096,0.4818512725040905
"for my energy plan, my economic plan, and the other proposals you'll hear tonight, i've offered spending cuts above and beyond their cost.",1,0,0.5592073620674675,0.44079263793253254
"rubio admitted he ""would have accepted the stimulus money.""",0,1,0.26333655532555456,0.7366634446744454
"nafta, supported by the secretary (clinton), cost us 800,000 jobs nationwide.",1,1,0.4003106499774225,0.5996893500225775
"says that according to a study, under obamas health care initiative, nearly 90 percent of people in wisconsin with health insurance will have their costs go up by more than 30 percent.",1,1,0.4213659785675574,0.5786340214324426
iowas republican caucus stopped mattering years ago. it in no way determines the party nominee.,0,0,0.5966071473522796,0.4033928526477204
"since the democrats stimulus went into effect last year, ohio has lost about 150,000 jobs.",0,1,0.3488020081338352,0.6511979918661648
earth has not warmed for the last 17 years.,1,1,0.4967400107602624,0.5032599892397376
"if youre a mexican, you get sent back. ... but if youre from a noncontiguous country like the central american countries then you can stay in the united states.",0,0,0.6707721908642795,0.3292278091357205
the fed created $15 trillion in the bailout process and $5 trillion went overseas.,1,0,0.6169597255337003,0.3830402744662997
medicaid is close to 30 percent of the state budget and the biggest expenditure at the state.,0,0,0.5042490639381625,0.4957509360618375
"says the texas forest service planted 6,000 trees in the dallas/fort worth area before the super bowl for unknown reasons at an unknown cost.",0,1,0.3502801099140489,0.6497198900859511
"after collapsing just before trying to step into her van after being removed from the 9-11 ceremony in new york city, hillary clinton emerged from her daughter’s apartment seeming like a new person. too new to be believed as a matter of fact, since the hillary at chelsea clinton’s apartment was noticeably well and energetic. even more unbelievable was the difference in appearance such as her being many pounds lighter, more vibrant, and apparently having a sort of drive through type rhinoplasty preformed in the short amount of time she was in the apartment. the nose on the hillary clinton double at the apartment is clearly different than all pictures of hillary in the past. the different nose is a dead giveaway, in the identification of nose types, the real hillary clinton has what is known as the nordic nose, which is quite common and straight. the clone has a distinctively different nose that slightly curves downward at the tip and has a slight elevated area along the bridge, this being more of a roman type. aside from the different nose types, the clone hillary rather appears to be a younger version of the original with much less aging apparent. hillary’s stand in also has no mole above her right lip, hillary clinton does. since the real hillary clinton obviously has such bad health issues that practically prevents her from even campaigning, we must assume that her clone stand in will do most of the appearances she is scheduled to do before the election, aside from those bill clinton will do himself. the question we must ultimately ask ourselves is, will hillary actually be physically capable of doing any debates with donald trump that are coming up? or will she elect to have her double stand in at some or all of the debates? what we need to look for immediately is her appearance. if she appears to be much thinner, younger, or without a cough and hoarseness, we should know, this is not the real hillary clinton. if she appears to be right on the mark, without any incidents of brain freeze or forgetfulness, this is the clone, not hillary clinton. the biggest speculation that we all should be concerned about is, will the real hillary clinton ever be seen or heard as president of the united states? or will her double conduct all public appearances, meetings with foreign dignitaries, state of the union addresses, and speeches? it could be possible that if she wins the election, it will be her double that participates in the inauguration in every aspect, including the swearing in. it is a very big possibility that the real hillary clinton may not even play a part of a new clinton administration and all decisions will be made by her cabinet from the direction of her clone via an invisible entity. if anyone thought president obama may not be who he claims he is, such a clinton administration being conducted entirely without hillary herself would make any speculation we may have about obama seem inconsequential. the american people are being played to go one step further than what we already have in barack h obama who remains a mystery man in all respects since he has his personal records sealed, to accept an idea as president. hillary clinton may be the first administration in us history where she is only a figurehead, or an idea, but not in charge of anything. the views expressed in this opinion article are solely those of their author and are not necessarily either shared or endorsed by eaglerising.com",1,1,0.22318239751223434,0.7768176024877657
"quite frankly, it was during the bush years of spending, multiplied now by the obama years that we have this mess.",0,0,0.5993680166005488,0.4006319833994511
"the war on drugs led to a 500 percent increase in incarceration in our country, disproportionately affecting poor and disproportionately affecting minorities.",0,0,0.8291987673903677,0.17080123260963231
"says judge gonzalo curiel is a member of a club or society, very strongly pro-mexican.",1,1,0.4253014925180253,0.5746985074819747
oregon is the only state out of the 50 states in the usa that continues to pay 100% of the medical benefits for its employees and their families.,1,0,0.8208585519556719,0.17914144804432813
"congressman jeff denhamhas agreed all illegal immigrants should be detained, arrested and deported.",1,1,0.22528395891828645,0.7747160410817135
"under hosni mubaraks rule, egypt received more american dollars than any country besides israel.",0,0,0.7323313213119401,0.2676686786880599
virginia house speaker bill howell is allied to group pushing mixed sex bathrooms in stafford schools.,1,1,0.2901210226642733,0.7098789773357267
says ted cruz just flip-flopped about the president needing to be u.s.-born.,1,0,0.6702402398832823,0.32975976011671776
"today, you cant rely on (the retirement fund for public employees), its not funded.",1,0,0.5462938069760137,0.45370619302398635
the @nytimes sent a letter to their subscribers apologizing for their bad coverage of me.,1,1,0.32363070292692675,0.6763692970730733
says the democrats told the catholic church that theyll use federal powers to shut down church charities and hospitals if the church doesnt change its beliefs.,1,1,0.2571835507447454,0.7428164492552546
birthers have obtained a copy of obamas kenyan birth certificate.,1,1,0.27470119079323774,0.7252988092067623
on legalizing illegal immigrants.,0,1,0.26896216736261147,0.7310378326373885
"gov. scott walker bought 80 new, brand-new vehicles for the state that we probably dont need.",1,1,0.3541381171791541,0.6458618828208459
"in 1978, a student who worked a minimum-wage summer job could afford to pay a years full tuition at the 4-year public university of their choice.",0,0,0.6244194894379347,0.3755805105620654
texas has the highest rate of uninsured in the nation. ... and there are more uninsured children in texas than in any other state.,0,0,0.732705795987813,0.26729420401218695
says direct shipment of wine makes underage drinking as simple as a mouse click.,1,1,0.35774042097748293,0.6422595790225171
the climatic research unit e-mails show that the science behind climate change has been pretty well debunked.,1,1,0.4516667373839959,0.5483332626160041
the wives of the 9/11 hijackers knew exactly what was happening and went back to saudi arabia two days before the attacks to watch their husbands on television flying the planes.,1,1,0.4579644379923442,0.5420355620076558
the five guantanamo detainees swapped for bowe bergdahl are right now back on the battlefield.,1,0,0.5744141031699708,0.4255858968300293
democrats failed to flip the wisconsin state senate because recall elections were in the deepest red districts in the state.,1,0,0.511840778632039,0.48815922136796097
"while rob portman relies on his super pac and a handful of billionaires to do his dirty work, we dont have a super pac, and quite frankly, we dont want one that spends millions to spew out lies and distortions.",0,1,0.35670269002412947,0.6432973099758705
cobb county businesses have already been awarded contracts worth $250 million on construction of a new braves stadium.,0,0,0.6443460419794123,0.35565395802058775
"7k shares share this story last night, the city of charlotte was rocked with protests for a second straight night as massive crowds protested the police killing of kenneth l. scott. during the protests, a civilian was shot in the head and critically injured. the police quickly told the media that the shooter was also a civilian, but a number of eyewitness reports seem to indicate that the police are lying – and that the shot came from law enforcement. one key eye witness report emerged from charlotte on twitter, along with a graphic photo of the bloody aftermath and a haunting statement from todd zimmer, who claims to have assisted in the emergency response: “i didn’t want to post about this, but my city is lying about what happened tonight. let the record show.” my friend @neutralized was on the ground in charlotte. he saw the shooting. here's his account. pic.twitter.com/h5cqxran37 — max berger (@maxberger) september 22, 2016 we interviewed kahran meyer, who is a north carolina criminal defense lawyer and a key eye witness on the scene. the 29-year-old published this tweet just an hour after witnessing the shots and noticing that the weapons discharge did not sound like a typical firearm: i watched a man die tonight with my own two eyes. it was not by a civilian. i don't care what cnn tells you. i was right fucking there. — black matlock (@kahranatlaw) september 22, 2016 “i didn’t realize that i was standing next to someone from cnn at the time. it started when everybody met at the park and marched from there down a couple of city blocks, when somebody said let’s march to the police station. it was peaceful, people had signs that said “hands up, don’t shoot,” kahran meyers told me at 1:50am tonight. “the protest then marched to college street and trade street in front of the omni hotel. at that time, police were not at all directing traffic, just keeping the peace,” meyer told me almost breathlessly, “i’ve been told that the idea was to walk into the omni and hold our hands up [in protest] and chant ‘hands up, don’t shoot’ and there was a crowd of roughly 1,000 people. we wanted to demonstrate to the upper class, the bourgeoisie that there is a problem.” “after leaving ‘the epicenter,’ police made a human barrier to block a return to the main square, so the crowd was facing the hotel. at that point, all of the protests were completely peaceful – and that’s when the riot police arrived. i swear to god, you could feel the temperature go up by 10 degrees.” meyers had a brief interaction with one of the riot officers at that point, and asked them whose idea it was to send out police in heavy armor. the charlotte officer coyly nodded his head upward as if to indicate brass. meyers told him that it was an unnecessary escalation and he replied, “oh, absolutely.” five minutes later, a protester lay near death in a pool of blood in the street. “it wasn’t a gunshot,” she told us. “it was much louder. it wasn’t a civilian injury. the way people scattered. no way. at least a dozen people exclaimed loudly ‘they just shot him’ and people in the crowd were familiar with him [the protester shot by police]. at that point, the peaceful protesters who hadn’t already left, exited.” at that moment, meyers says that charlotte-mecklenberg police then read the riot act to the protesters. as she made it to the next block, police opened up with teargas from two directions into the already retreating crowd of peaceful protesters. it took meyers fifteen minutes to leave the scene, and as she was departing she spotted a news crew reviewing live video, it was a split-screen. according to meyer, that videographer was from cnn and had been standing next to the lawyer, and when reunited said it was ‘entirely too loud for a gunshot too. it was so loud it shook my tripod and all of my equipment.’ cnn reports, “police say the person was shot by a civilian.” the city of charlotte began spinning the protester’s grave injuries immediately on twitter: alert: fatal shot uptown was civilian on civilian. @cmpd did not fire shot. — city of charlotte (@cltgov) september 22, 2016 two additional eye witness reports have emerged on twitter refute the charlotte police’s claim that a civilian shot and severely injured a protester. the first is from the charlotte clergy coalition for justice, who issued a press release of sorts through a widely followed palestinian rights activist. “i saw the man go down on the pavement,” said minister steve knight of missiongathering christian church in charlotte whose written statement points the finger squarely at charlotte-meckenberg police for the shooting, “it was an ambush. the victim was shot while he stood between two ministers, and we believe he was shot by police.” #charlotte clergy question media & police accounts of tonight's shooting of protester. #charlotteprotest #keithlamontscott pic.twitter.com/tlvowveyav — linda sarsour (@lsarsour) september 22, 2016 lastly, a man named eddie thomas posted on facebook – which was also shared via twitter – that, “within 5 mins (no exaggeration a dude lay bleeding on the ground, eye rolling in the bakc of his head. he got shot with something, maybe a rubber bullet. i yelled at the bike cops for help and they did nothing.” when african-americans attempt to express their frustration and anger and the violence inflicted upon them by the state, the state responds the only way it knows how – with more violence. original story by grant stern at pinac news: “witness: charlotte riot police did shoot protester, deny involvement blaming civilians“ add your name to millions demanding that congress take action on the president’s crimes. impeach donald trump!",1,0,0.5773672723027166,0.4226327276972834
"the senate version of the economic stimulus package includes ""millions of dollars to world war ii filipino veterans in the philippines.""",0,0,0.5498745170639658,0.4501254829360341
americas least-trusted news sources are also its most popular.,0,1,0.34574241026809027,0.6542575897319097
"says u.s. senate rival tammy baldwin supports a tax increase that president obama says would cost middle-class families $3,000 per year.",1,1,0.37438985559590787,0.6256101444040921
oklahomas republican gov. mary fallin signed a new law which makes you pay a special fee. it will essentially fine people for the crime of using solar power.,1,1,0.4617594841972328,0.5382405158027672
"royalties foroil and other energy sources are the ""second-largest revenue source to the federal government after the irs.""",1,1,0.4831050333683542,0.5168949666316458
"under president george w. bush, we added $4.9 trillion to the debt. under president obama weve added $6.5 trillion to the debt.",0,0,0.7224581420222852,0.2775418579777148
"here in california, donald trump has given $12,000 to jerry brown, gavin newsom and kamala harris.",0,0,0.7050048598770299,0.2949951401229701
there is a very identifiable somali community back home in delaware.,1,1,0.4009980509509238,0.5990019490490762
says his twitter account has 1.3 million followers.,1,0,0.5060237425953236,0.4939762574046765
"this town (wilmington, ohio) hasnt taken any money from the government. they dont want any money from the government.",1,1,0.3614010839523507,0.6385989160476493
"mccain's ""plan for the economy is to extend george bush's tax cuts for billionaires and give a $100-billion additional corporate tax cut.""",0,0,0.7084707934247227,0.2915292065752773
california is home to the largest death row populationin the western hemisphere.,0,1,0.4490320052113228,0.5509679947886772
the vast majority of minimum wage workers get a raise within a year.,0,0,0.5007766173485437,0.49922338265145627
"in a budget deal struck in 2011 a trillion dollars of cuts went into effect immediately, and then a special committee was set up ... to get agreement on another $3 trillion of cuts.",0,0,0.6402122065673377,0.35978779343266226
ohioans can expect to pay up to 41 percent more for their insurance premiums when obamacare takes effect next year.,0,1,0.4777492680783407,0.5222507319216593
the increase in the garbage tax that [mayor allan fung] imposed in cranston for some people has been as much as $200.,1,1,0.2997284304865947,0.7002715695134053
no member of the american public has ever been killed by commercial nuclear power a record unmatched by other fuels.,0,0,0.7374628308921058,0.2625371691078941
"the governor is trying to take credit for recent actions taken by these companies. the problem is that for all three companies, the decision to move or stay in new jersey happened before chris christie became governor.",0,0,0.7192951046569255,0.2807048953430745
"41,200 veterans in florida dont have health care because scott didnt expand medicaid.",0,1,0.18538984260855218,0.8146101573914478
"says since australia passed tough gun laws, homicides by firearm have declined almost 60 percent.",0,0,0.6688144036518251,0.3311855963481749
john mccain voted against funding the troops because of . . . a timeline in it to draw down american troops.,0,0,0.615752390922834,0.3842476090771661
"there is no incontrovertible proof that speed, in and of itself, is the contributing factor to increasing (vehicular) fatalities.",0,1,0.4956775359459249,0.5043224640540751
harry reid says he does more for nevada. hes done more for unemployment. we were at 4.4 percent. now were at 14 percent. hes done more for the foreclosure rate. we have the highest foreclosure rate in the nation. hes done more for bankruptcy. we have the highest bankruptcy rate in the nation.,0,0,0.7633676723426658,0.2366323276573342
tourism and retirees are the dominant economic engines in our state.,0,0,0.5620601361087134,0.43793986389128653
new food safety legislation will regulate backyard gardening.,1,0,0.5239954360372923,0.4760045639627078
the president gave the (auto) companies to the uaw.,1,0,0.6423379047997758,0.3576620952002242
a scott rothstein victim says that he was swindled by charlie crist.,1,0,0.5378951015896273,0.4621048984103727
more people have been put on food stamps by barack obama than any president in american history.,0,1,0.4293349612960652,0.5706650387039348
says that the new financial services law requires 358 regulatory filings.,0,1,0.391761592488852,0.608238407511148
says george lemieux even compared marco rubio to barack obama.,1,1,0.35694498098068983,0.6430550190193102
"seniors with coverage under medicare advantage will give up ""more than their share"" because of health care reform",0,1,0.40534081059037186,0.5946591894096281
the mack penny plan for the federal budget would balance our budget by 2019 and continues to gain support.,0,1,0.4563490650982218,0.5436509349017782
"says that in 41 states, government workers are better paid than the taxpayers who support them.",1,0,0.5562037320690973,0.4437962679309027
every major newspaper in texas calls david dewhurst a moderate.,1,0,0.5979600508495835,0.4020399491504166
says she has quadrupled agents to secure our border.,1,1,0.428830321393208,0.571169678606792
"by the end of this decade, the interest we owe on our debt could rise to nearly $1 trillion.",0,0,0.84703393651144,0.15296606348856004
ive been through four campaigns and have not done any negative campaigning.,0,1,0.39882875657649763,0.6011712434235024
president obama has stopped using the phrase war on terror.,0,1,0.4303044085143165,0.5696955914856835
"says markkirk called for the mass arrest of 18,000 african americans andwas apparently fine with trumps #stilltooracist call for mass deportation.",1,0,0.5808649672025947,0.41913503279740527
we ... sold the state airplanes as i had promised.,0,1,0.33890908534791664,0.6610909146520834
"in new hampshire, 93 percent of democrats, 79 percent of republicans, 82 percent of gun owners and 60 percent of nra households support background checks.",0,0,0.8996916425489349,0.10030835745106517
says the u.s. national debt has tripled during rep. greg waldens time in congress.,0,0,0.5741522577740426,0.4258477422259575
i saved the taxpayers $2-billion on a bogus air force boeing tanker deal where people went to jail.,0,0,0.5668404255440433,0.4331595744559566
"there are more atheists in the country right now than jews, muslims, hindus and buddhists combined and doubled.",1,0,0.5139650238103692,0.4860349761896308
"every taxpayer owes about $130,000 to pay off the national debt.",0,0,0.6120946992890386,0.38790530071096146
says new jersey is losing 50 football fields of open space to development every day and the more we develop upstream the more flooding we have downstream.,0,0,0.7037967454627332,0.2962032545372668
"﻿﻿since mayor kennedy obrien took office sayreville has issued 22,081 building permits! now obrien is holding secret meetings with big developers.",1,1,0.4904968090133639,0.5095031909866361
two years after the worst recession most of us have ever known ... corporate profits are up.,0,0,0.6479257780892469,0.3520742219107531
the state has less employees this year than we did last year.,0,1,0.41329027889782066,0.5867097211021793
95 percent of the worlds customers are beyond our shores.,0,0,0.6563502232077421,0.3436497767922579
a lot of student loans are already refinanced by the federal government.,1,0,0.598261586215427,0.40173841378457303
"the new arizona immigration law ""says that any police officer can stop anyone who appears to them to be reasonably suspicious of being an undocumented person.""",0,1,0.4199492758666925,0.5800507241333075
says the united states has the highest corporate tax rate in the world.,0,0,0.7747303549613098,0.22526964503869018
"potus economists: stimulus has cost $278,000 per job.",1,1,0.42819957233531913,0.5718004276646809
says romney supported a law that could have made most common forms of birth control illegal.,1,1,0.31371912033172367,0.6862808796682763
ohios electricity rates are 10 percent below the national average.,0,0,0.7795108760710324,0.22048912392896758
says hillary clinton once wanted a wall on the mexican border.,0,1,0.25240347228186466,0.7475965277181353
"not a single banker, a ceo from wall street, anyone from corporate america nobody, (there was) not one arrest of any of these people who brought down the economy in 2008.",0,0,0.5555179054113221,0.44448209458867793
exposure to the electromagnetic fields from power lines has been associated with childhood leukemia and other diseases.,1,0,0.5711176239208458,0.42888237607915425
we've heard talk about curbing our use of fossil fuels in nearly every state of the union address since the oil embargo of 1973.,0,0,0.6451726164746858,0.3548273835253141
"you cant get on an airplane, but more than 2,000 people on that list have been able to buy a gun.",1,0,0.6873248520288497,0.3126751479711502
you see 34 people (are) murdered every single day by gunfire in america.,0,0,0.6790800823689844,0.32091991763101557
says there are concrete examples of university of texas job applicants or prospective applicants and students as well as invited speakers changing their minds because of handguns being allowed in campus buildings and classrooms.,0,0,0.5812438687936674,0.41875613120633265
we spend half a trillion dollars a year in tax preparation.,1,0,0.7796171014504145,0.22038289854958545
"two years ago providence alone spent $50,000 a year notifying the school department about residents in the states sex offender registry.",0,0,0.7091567848750742,0.2908432151249259
unemployment in texas has risen over two percentage points with rick perry as governor.,0,0,0.5132280403394456,0.48677195966055437
"deer baiting, planned for block island by dem, is illegal in rhode island.",0,1,0.41023598221344293,0.5897640177865571
federal spending on entitlements is projected to consume all revenue by 2045.,0,0,0.5203258173355398,0.47967418266446016
we already pay the highest electricity prices in the country here in new england.,0,0,0.6430721307374562,0.35692786926254383
says hillary clinton filibustered legislation to reform fannie mae and freddie mac.,1,0,0.5113767792579973,0.4886232207420027
"as governor, in the face of partisan attacks, (charlie crist) had the courage to save jobs and lead his state into economic recovery.",0,0,0.52026896284597,0.47973103715403
"today in america, between 40 and 50 percent of all african-american babies, virtually 1-in-2, are killed before they are born.",1,0,0.8728373095656583,0.1271626904343417
saudi arabia is the only muslim country out of 47 muslim-majority countries where women cannot get licenses to drive.,0,1,0.4337159875108684,0.5662840124891316
gov. charlie crist sought for and got approved the automatic restoration of felon rights for nonviolent offenders for the first time in florida history.,1,0,0.5416715285242023,0.4583284714757977
i never supported a state income tax for texas.,1,0,0.5916438545258444,0.4083561454741555
rhode island is at the top of the country for alcohol-related fatalities.,0,0,0.5251982582538459,0.4748017417461541
"since the stimulus package was passed, ohios lost over 100,000 more jobs.",0,1,0.3100478854980445,0.6899521145019555
the black unemployment rate (has) increased since the recovery has begun.,0,0,0.5434189881092185,0.4565810118907815
"after the texas cutoff of aid to womens health care services including planned parenthood clinics, over 150,000 women lost the only health care they had. our medicaid birth rate shot up. it cost taxpayers over $130 million in one year alone in extra medicaid birth costs.",1,1,0.3666158395921506,0.6333841604078494
we need to pass a carbon tax to stop climate change. break up the wall street banks. and stop the government spying on innocent americans. cory booker doesnt support any of these ideas.,0,1,0.338492733942269,0.661507266057731
some city of atlanta employees have not had raises in eight years.,1,0,0.5257380616597216,0.4742619383402784
there were 36 states where republicans who were in charge refused to implement a state (health insurance) exchange.,1,0,0.6192979368278397,0.3807020631721602
"says state sen. morgan carrolls votes made it easier to sue doctors, small businesses, even nurses. putting her own shady interests first.",1,1,0.34527969713255735,0.6547203028674426
people who wash cars at home will use approximately 80 percent more water than they do in a car wash.,1,0,0.6412027633819041,0.3587972366180959
"we had a massive landslide victory, as you know, in the electoral college.",1,1,0.43405795299213235,0.5659420470078677
"right now, american oil production is the highest that its been in eight years.",0,0,0.8194883129610474,0.1805116870389526
scott walker supported the same transportation bill hes attacking me for. he said at the time it would save the taxpayers money.,1,1,0.42232994580043404,0.577670054199566
"between austin, san antonio, houston and dallas over 8,000 same-sex couples are raising children.",0,1,0.39401401526052093,0.6059859847394791
"mccain ""said he was 'stumped' when asked whether contraceptives help stop the spread of hiv.""",0,0,0.590222570301453,0.4097774296985471
on abortion.,1,1,0.2881932986682554,0.7118067013317446
"rhode island could tell you who has a camper, but we couldnt figure out who has a gun.",0,1,0.4258398055107,0.5741601944893
says that president barack obama said an attack on syria was going to be a pinprick.,1,1,0.16366985629312547,0.8363301437068745
says donald trump said the u.s. should encourage japan to get nuclear weapons.,0,0,0.5325346362245316,0.46746536377546843
says he won the second debate with hillary clinton in a landslide in every poll.,1,1,0.45881827491397287,0.5411817250860271
the orlando shooter used a weapon of war.,0,0,0.5528786013300142,0.44712139866998585
"says 220,000new yorkers would have immediately benefitted had president obamas executive action been affirmed.so almost a quarter million of our fellow new yorkers who are hurting right now whose rights and opportunities were taken away by the supreme court.",1,1,0.3034535146396756,0.6965464853603244
each [corbett administration] budget finished in the black.,0,0,0.518929021616463,0.48107097838353696
"kohls department stores in 2012 announced the creation of 3,000 new jobs.",0,0,0.5639678129690573,0.43603218703094265
"after the debate that we had last week, politifact came out and said that everything i said was true.",1,1,0.30117774942017217,0.6988222505798278
"outrage! obama spends $770m dollars in tax payer money to renovate mosques over seas… [video] cbs exposing obama paying for the renovation of mosques is actually a story from 2015. but it got little media attention then and he’s still doing it. he’s diverting hundreds of millions of us dollars to overseas mosques to renovate them. tell me again how he is not a muslim. this just screams it. and people wonder why he grovels before the mullahs of iran… why he gives isis a pass… why he is terraforming the us into a muslim nation. set aside for a moment that we are broke, due to marxist policies implemented ever since reagan left office… it’s where the money is being spent that makes your blood run cold. by all accounts, we are funding islamic terrorists right and left. we are funding their countries, their schools, their mosques… we are funding their wars as well, even against america. from truthfeed: “you didn’t build that”…oh wait, you did! a cbs news investigation found that the obama state department is sending hundreds of millions of dollars to save mosques overseas — outraging taxpayer advocates and raising enormous questions about aid to potentially terror-supporting groups with u.s. foreign aid. × 101 things all young adults should know by sir john hawkins john hawkins's book 101 things all young adults should know is filled with lessons that newly minted adults need in order to get the most out of life. gleaned from a lifetime of trial, error, and writing it down, hawkins provides advice everyone can benefit from in short, digestible chapters. buy now the united states ‘investment’ of millions to refurbish mosques as a ‘good-will effort’ in muslim countries has upset many. “we are spending money we don’t have. this is all on a gigantic credit card right now,” said jared thomas, a taxpayer advocate. millions more dollars have been sent to places like cyprus. the state department displays before and after pictures of mosques refurbished with u.s. tax dollars. many of us lost almost everything in the last economic downturn. fully one third of americans are now out of work. we can’t make ends meet and our country can’t pay its bills… yet somehow, obama can send well over $770 million to islamic countries to refurbish their mosques. it makes your eyes bleed. the state department declined a cbs atlanta news request for an interview. anchor justin farmer wanted to ask why we are using tax dollars to refurbish religious buildings overseas – something we all want to know. the state department did send cbs atlanta news an email saying that they are: “fighting islamic extremism by building relationships with islamic leaders.” what bovine excrement. let me spell it out. our so-called wealth is being redistributed to islamists and their countries. our treasury is being emptied and given to terrorists. then we invite these enemies in and place them in positions of power in the us. and while we are at it, we bring in hundreds of thousands of muslim refugees and place them throughout the country, especially in conservative strongholds, thereby changing and controlling the voting demographic. this is a coup from without and from within… the enemy is now among us.",1,1,0.2903090204201473,0.7096909795798527
virginia democrats recently enforced voter id rules that were considerably more stringent than those contained in the state law they denounce.,0,1,0.3916265938019815,0.6083734061980185
"were. . . keeping and creating jobs in our state. from american greetings, to wendys, to diebold, weve gone to their doorsteps to keep jobs right here in ohio.",0,0,0.7225799784565925,0.2774200215434075
"a muslim immigrant in michigan can list his second, third or fourth wives as extended family and qualify for welfare.",1,1,0.3335823653411062,0.6664176346588938
glen sturtevant is against smaller class sizes.,1,1,0.43013317115416727,0.5698668288458327
this is the first time in the history that weve had the raising of a debt limit also with spending cuts.,1,0,0.7914599773001965,0.20854002269980357
"medicaid spending declined by 1.9 percent in 2012, the second such decline in 47 years.",0,0,0.69457784558214,0.30542215441786
tax dodging costs developing countries $200 billion every year.,0,0,0.5141167199092274,0.4858832800907726
says the united states does not trade as much as other developed nations.,0,0,0.6483209332948223,0.35167906670517773
says gina raimondos venture capital firm secured a secret no-bid contract funded by taxpayers.,1,1,0.4179958304268019,0.5820041695731981
"blue cross new $90-million providence headquarters ""was outfitted with $25 million in decor.""",1,0,0.5466413458937016,0.45335865410629844
"a small business receiving a federal tax credit ""to provide health care for its employees ... would be barred under the stupak amendment from allowing their employees to use ... the health care that they offer them for abortion.""",1,1,0.24109718674561165,0.7589028132543884
four members of the rhode island general assembly went to vote in 2010 and were told they had already voted.,1,0,0.5218252709275075,0.4781747290724925
says mitt romney asked for a waiver from federal welfare rules.,1,0,0.6163163720147118,0.38368362798528827
"because of the 2011 debt ceiling fight, the stock market lost 2,000 points.",0,0,0.5799311354221218,0.4200688645778782
virginia spends less per student today than we did in 2008.,0,0,0.6985966833747539,0.3014033166252461
people have actually broken down the transcripts for oral arguments and (antonin scalia) told more jokes and got more laughs than any of the other justices.,0,1,0.4707506840883575,0.5292493159116425
says wisconsin supreme court justice david prosser has prejudged matters that are likely to come before the court.,1,1,0.22529200536927252,0.7747079946307275
californias prop 55 prevents $4 billion in new cuts to our schools.,1,1,0.4036739327037988,0.5963260672962012
"dont believe those phony numbers when you hear 4.9 and 5 percent unemployment. the numbers probably 28, 29, as high as 35. in fact, i even heard recently 42 percent.",1,1,0.47413260444953487,0.5258673955504651
we will be the first party to elect a bald guy to governor.,1,1,0.4636497002627842,0.5363502997372158
says members of the military have sent him more campaign contributions than theyve sent president barack obama and more than twice what theyve sent other republican presidential candidates.,0,0,0.5150729071748981,0.48492709282510194
says texas ranks last in the percentage of residents with high school diplomas.,0,0,0.6676527534486535,0.3323472465513465
"the day president obama took office, gasoline was $1.79 a gallon.",0,1,0.412584572472819,0.587415427527181
"in the 513 days between trayvon dying, and todays verdict, 11,106 african-americans have been murdered by other african-americans.",1,0,0.7037999076265712,0.2962000923734288
it has been over 80 years since a lame-duck president appointed a supreme court justice.,1,1,0.3614122592174095,0.6385877407825905
we've got some 37-million of our fellow citizens who are living in poverty; about 12-million or 13-million are children.,0,0,0.778438664781056,0.2215613352189441
a $300 million stimulus allocation to wisconsin has led to the creation of tens of thousands of jobs in every corner of this state.,1,1,0.39023159430202226,0.6097684056979777
says scott walkers listening sessions are invite-only and excluding the press.,0,0,0.561341763734818,0.43865823626518197
"says ohio gov. john kasich got lucky with a thing called fracking, which is why ohio is doing well.",1,0,0.7040244339443725,0.29597556605562747
"fleeing syria, a million children are now refugees.",0,1,0.4136044421877617,0.5863955578122383
"when the dallas/fort worth airport needed to stop its earthquake spike a few years ago, they temporarily shut down the wells that were injecting fracking fluid into the ground ... (and) those earthquakes stopped.",0,0,0.6466348812278464,0.35336511877215365
says crime is rising in manchester and has gone up 19 percent under mayor ted gatsas.,0,0,0.5304133559473592,0.4695866440526408
the senate proposal to restore emergency unemployment benefits for five months was fully paid for.,1,0,0.6536067371009738,0.34639326289902617
the president is brain-dead.,1,1,0.37698372147478987,0.6230162785252101
slim jims just recently cost 99 cents but now cost $2.69.,1,0,0.6159764414685606,0.38402355853143944
oil companies can obtain an acre of public land for less than the price of a big mac.,0,0,0.5202960288463654,0.4797039711536346
laurie monnes anderson voted to let violent criminals out of jail early.,0,1,0.3797020944802636,0.6202979055197364
"wrote that in 2006, nancy pelosi said she didnt think capturing osama bin laden makes us any safer, but in 2011 called his killing historic.",0,1,0.37627450437280696,0.623725495627193
says salaries and benefits for wisconsin state employee comprised 8.5 percent of the 2009-2011 state budget.,1,0,0.6172267057060996,0.38277329429390045
there is more oil produced at home than we buy from the rest of the world the first time thats happened in nearly 20 years.,0,0,0.6340017883292326,0.36599821167076746
"says president barack obama came into office very concerned about wiretappings but then he became president of the united states, he got all the briefings (and) he decided the balance is probably pretty appropriately struck.",0,1,0.1919132662219435,0.8080867337780565
"since 1995, the top 400 wealthiest families have seen their incomes go up 400 percent and their tax rates go down 40 percent.",0,0,0.8003532292653551,0.1996467707346449
"new mexico moved ""up to"" sixth in the nation in job growth.",0,0,0.68729884508521,0.31270115491478995
says hillary clintons approval rating went from 70 percent to 52 percent in 18 months.,0,0,0.6875686973969226,0.31243130260307733
mcginty previously told a local community newspaper in her native philadelphia that she has found an alarming undercurrent of misinformed people in the t part of the state outside of philadelphia and pittsburgh.,1,1,0.3859303131452232,0.6140696868547768
on choosing a texas house speaker,1,0,0.6688114937598703,0.33118850624012974
"note in arabic found with nyc bomb… call says there will be more bombings police have found some very disturbing leads in the chelsea bombing this last saturday. the greatest suspicion is muslim extremists who are claiming credit for the terror that injured dozens. the bomb in chelsea injured 29 people, all discharged from the hospital. another pressure-cooker bomb was found stashed in a dumpster four blocks away. police are investigating just what happened. while the leads come in, there are three in particular that have grabbed the attention of the press: lead #1 – a hand-written letter, a portion of which was in arabic, was found inside the plastic bag that also held the second device. lead #2 – a 911 unidentified male caller warned of further explosions and the call went like this: “i’m looking at the explosion down the block. there will be more.” lead #3 – a tumblr page called ‘i’m the ny bomber’ that claims to be the “manifesto” of the bomber responsible for the explosion that rocked new york city saturday night. here. manufacturing test explosives hi. × 101 things all young adults should know by sir john hawkins john hawkins's book 101 things all young adults should know is filled with lessons that newly minted adults need in order to get the most out of life. gleaned from a lifetime of trial, error, and writing it down, hawkins provides advice everyone can benefit from in short, digestible chapters. buy now you probably have all seen the news by now, the explosives detonated in new york city, that was me. those were just some tests, i know where i have made errors and i will not make the same mistake next time. i did it because i cannot stand society. i cannot live in a world where homosexuals like myself as well as the rest of the lgbtq+ community are looked down upon by society. it is 2016 and we are still being viewed as mentally ill, sinners, attention seekers, and just plain weirdos in general. i am not going to stand by while under classed and underprivileged people are oppressed. i am not going to stand by while there is inequality in my country such as the racism being seen in white police officers all over the country. i am not going to live in a country where it is ok to have a misogynist, xenophobic, racist islamophobic, republican candidate running for president of the united states! that’s implying that republicans in general should even be taken seriously as they are all cisgendered privileged white people. this is not the end, this is just the beginning. i will be remembered. i will make a difference. i will eliminate my targets before it is too late. someone is lying and it’s just sick that anyone would want to claim this, especially one who didn’t even do it. trying to benefit off of other’s terror is as base as you can go next to being the perpetrator.",1,1,0.4066915579674908,0.5933084420325092
on the importance of judicial experience for supreme court nominees.,0,1,0.35340590618742695,0.646594093812573
says students who receive free or reduced lunch are performing just as well as students who do not.,1,1,0.36697810894706795,0.633021891052932
says patrick murphy switched his vote on all aboard florida ... because his father tried to get in a bid to build it and was unsuccessful.,1,1,0.24719569679208198,0.752804303207918
says massachusetts has three state-mandated student tests and finland just one.,0,1,0.4785501305844887,0.5214498694155113
the university of wisconsin system budget is the biggest it has ever been.,0,1,0.390403352898419,0.609596647101581
"republicans included the akin amendment in the republican party platform, which bans abortion, even for rape victims.",0,0,0.603424111362911,0.39657588863708904
"gov. romney himself, with 28 other republican governors, supported policies that would have eliminated the time limits in the welfare reform law and allowed people to stay on welfare forever.",1,0,0.6498257975429866,0.3501742024570133
"says the internal revenue service estimated it must hire 16,500 agents at a cost of $10 billion to the taxpayer to enforce the federal health care overhaul.",1,1,0.29102741223736317,0.7089725877626368
"when george bush became president of the united states, 17 million people were in poverty. when he left, 30 million people were in poverty.",1,0,0.7136441238564688,0.28635587614353125
"a medicaid provision added to the senate health carereform bill ""is not a special deal for nebraska.""",1,1,0.49591006804121507,0.5040899319587849
"since sept. 11, 2001, 270,000 americans were killed by gunfire at home.",0,0,0.6494370933106919,0.3505629066893081
we sell 40 percent of our guns without a background check.,0,0,0.7586449293481884,0.24135507065181164
we doubled the size of the company (hewlett-packard).,0,0,0.7803448472438592,0.21965515275614075
"barack obama ""wants the government to take over health care, spend hundreds of billions of dollars of new money for health insurance for everyone.""",1,1,0.20956625561401832,0.7904337443859817
wisconsin employers have repeatedly said in surveys that our anti-business litigation climate is one of the most important factors affecting their expansion decisions.,1,1,0.4257433795450165,0.5742566204549835
"john mccain, ""one of the richest people in a senate filled with millionaires,"" says the solution to the housing crisis is for people to get a ""second job"" and ""skip their vacations.""",1,0,0.8344597996449428,0.1655402003550573
"getty images fourth estate in defense of ‘he said/she said’ journalism why we must give the devil his due. the “he said/she said” method of reporting—in which journalists observe the profession’s convention and get at least two sides of every story—has been taking it on the chin ever since new york university journalism professor jay rosen placed it in his gunsights in 2009 and started ack-acking it with regularity. but the ""he said/she said"" debate didn’t move from the margins to the mainstream until last week when the new york times abandoned mechanical balance and published a page one, above-the-fold piece by michael barbaro, shredding donald trump as a pitiful serial liar and obfuscator for his latest “birther” declaration. the times piece elated critics of the ""he said/she"" said construct. in an atlantic piece titled “the death of ‘he said, she said’ journalism,” peter beinart pronounced barbaro’s work a journalistic sea change. trump had broken all the rules of political conduct, beinart stated, and the times had rightly ditched a few of its own. abandoning the usual journalistic etiquette, which calls for mendacious politicians to be described as committing a falsehood when what they’re actually doing is lying, the times piece dealt with trump with “astonishing bluntness,” beinart wrote, repeatedly calling trump’s birther nonsense a “lie.” trump was given no opportunity in the piece to deny the charges, which sits just fine with the ""he said/she said"" critics. story continued below while i consider trump to be a first-rate liar and don’t mind saying so, i’m not convinced that jettisoning the ""he said/she said"" blueprint is such a good idea. every politician lies. if we were to police all politicians in the news pages the way barbaro did trump, it would be entertaining. but political journalism as we know it could expire as profiles and news stories collapsed into spreadsheets grading the truth value of political utterances. isn’t that what the fact-checker columns are for? in his widely applauded critiques of ""he said/she said"" journalism, rosen holds that by reflexively seeking the “other side” of every public dispute and shying away from expressing the truth, the media creates a bogus symmetry between the “he said” voices in a story and the prevaricators serving up the “she said” dissent. “do users really want to be left helpless in sorting out who’s faking it more?” rosen asked, proposing that journalists put a higher premium on seeking truth and avoiding distortion. the ""he said/she said"" structure constitutes “one of the lowest forms of journalism in existence,” he would later remark. donald trump, the thinking goes, has gamed the ""he said/she said"" convention to contaminate the political debate with his lies, obfuscations and double-talk whenever the press seeks comment on an issue, a clarification of something he’s said, or a response to a point raised by his opponent, hillary clinton. this is true. in speeches and interviews, he’s expressed a broadband stream of lies, such as denying that he’s used terms like “fat pig” to describe women, insisting that he never called george w. bush a liar, claiming that he opposed the iraq war, making fallacious boasts about his acts of philanthropy, asserting that the nfl had contacted him about the debate schedule, and more, much more. but they are lies, all lies. and every time the media quotes one of trump’s “she said” lies without a correcting fact-check, it undermines the truth of the “he said” side of the debate. at least, so the thinking goes. but has journalists' practice of giving trump the right of reply, allowing him to pearl his lies with another coating of deceit really been such a disaster? one result of the straight, ""he said/she said"" coverage of the trump style has been his record lows in the washington post/abc news favorability poll. thanks to this coverage, many voters are able to see through trump’s “post-truth” style of politics and don’t need the news pages directly calling him a lying liar who lies every time he speaks. among his supporters, many don’t care that he mangles the facts and others take secret glee in the trickster’s campaign he’s waging for the presidency: he’s serving baloney and his supporters can’t get enough of it. as bracing and as full of truth-telling as the barbaro piece was, i hope it doesn’t embolden other news pages to abandon convention. the formula, when properly executed, forces reporters to perform due diligence in their articles. the form is even more useful for skeptical “show me” readers, who want those extra bits of evidence to help them make up their mind about a candidate or an issue. this, i realize, can be especially challenging with trump because the mouth of manhattan has made a career of taking both sides on nearly everything. he is the hermaphrodite of opinion makers—both ""he said and she said""—and, like any good circus freak, that makes him too exceptional to build rules from. one reason i admire ""he said/she said"" journalism is that i often find myself sympathizing with the ""she-said"" side of the equation, and its presence assures me that the reporter is conducting something approximating an open inquiry. whenever the ""she-said"" component of a story goes missing, leaving only the dominant position expressed, i get the feeling i’m being fed bunk. even the holy bible gives satan a forum for his dastardly views. so why not news stories? i don’t believe a story must balance out like a chemistry equation until both sides (or multiple sides) hover in the ether in perfect equilibrium. but intellectual history informs us that the dominant positions in any field—ruling paradigms, if you don’t mind the language—have a tendency to erode over time when exposed to minority critiques. in order for thought to progress, the minority report—however seemingly misguided—must be heard. the history of science is pockmarked with paradigms that were blown away by she-saiders. early in the last century, for example, the scientific and cultural elites espoused the misguided philosophy of eugenics, which held that feeblemindedness was directly inheritable and that forced sterilization, institutionalization or lobotomization for these lessers was right and just. to oppose eugenics was to place yourself outside the established consensus, to define yourself as a crackpot, to be reduced to a ""she-said"" if you were lucky enough to get quoted in a news story. today, we think of the eugenicists as troglodytes. or consider the story of alfred wegener. he 1912, he proposed his plate tectonic theory much to the derision of the scientific establishment who laughed at the idea of continental drift. not until the 1960s did his ideas gain proper respect, and his critics take his place as geology’s crackpots. or take the example of australian doctor barry marshall, who conjectured in the early 1980s that bacteria and not stress was the cause of ulcers, a condition that afflicted up to 10 percent of all adults. even after marshall induced an ulcer in his own stomach by drinking a potion containing helicobacter pylori he was still derided and marginalized by the establishment. “you think, ‘it’s science; it’s got to be accepted,’” marshall told discover magazine. “but it’s not an absolute given.” by the mid-1990s, the idea finally took root, undermining the business model of thousands of gastroenterologists who treated and retreated the affliction with ineffective drugs and surgery. in 2005, marshall and a colleague were awarded the nobel prize in medicine for their helicobacter pylori work. science abounds with equally dramatic stories. obviously, the critiques of every she-saider don’t automatically end in the triumphs wegener and marshall enjoyed. but when you catalog the ruling paradigms in science and technology that have been toppled in recent years, the toppler was almost always marginalized in the early going. fracking has all but destroyed the peak oil hypothesis. the “one-size, fits all” advice on mammograms has been abandoned. our views on saturated fat, once almost holy writ, have been chucked. until 1973, the american psychiatric association classified homosexuality as a mental disorder. (all is not progress: some now argue that “homophobia” is an indicator of a disorder.) marijuana makes you mad. (today, the equally suspicious paradigm is that marijuana is good for whatever ails you.) coffee, once thought to be bad for you, turns out to be good for you, at least for now. moving over to the policy realm, the once dominant “super-predator” thesis was once supported across partisan lines. it is now discredited. remember how japan’s economy was supposed to overtake the united states’? remember how federal reserve board chairman alan greenspan said the u.s. economic system was stable? experts predicted wild inflation after quantitative easing. others posited that housing prices would never decline nationwide. and so on. the dissents of the she-saiders are generally beneficial. whether right or wrong, the dissenters have a way of increasing everybody’s knowledge. if they are wrong, as michael shermer has written, their untruths force the dominant paradigm to self-examine, and if warranted, use new evidence to improve its position. if the she-saiders are right, they advance human thought. that’s how science works, and i believe journalism should work that way, too. vaccine pioneer jonas salk summarized the predictable moves of the knee-jerk paradigm-defenders with this progression. “first,” salk writes, they say “that it can’t be true.” second phase: “well, if it’s true, it’s not very important.” third phase: “well, we’ve known it all along.” before anybody puts words in my mouth, this is not my long-winded way of saying i don’t subscribe to the global warming hypothesis. i do—but at the same time, i keep my options open. the protectors of the ruling paradigm have an intellectual responsibility to mount disciplined defense against all comers. even against crackpots. the last and best reason for supporting “he said/she said” journalism: so many readers and viewers have self-segregated by limiting their news consumption to outlets that reflect their personal views. these days, many readers get only the ""he said"" side of the story or just the ""she said"" side, remaining deliberately oblivious to the vibrant debate that might actually be going on. while i value partisan media, i also value nonpartisan news operations—like politico—that make ideas duel in their news pages. npr news director michael oreskes puts this practical spin on why his organization shies away from calling liars liars: “[i]f you present the facts calmly and without a tone of editorializing, you substantially increase the chance that people will hear you out and weigh the facts. that is why the tone of journalism matters so much. we need potential listeners and readers to believe we are presenting the facts honestly, and not to confirm our opinions.” if you’re not getting a steady diet of ""she said"" quotations in your news consumption, you’re at risk of starving to death. ""he said/she said"" keeps journalists honest, even if, on occasion, it looks like it’s only accruing to the benefit of a beast like donald trump. ****** a sumptuous meal of news, news, news. make mine extra rare, garcon. send news recipes via email to shafer.politico@gmail.com. my email alerts are breakfast. my twitter feed is lunch. and my rss feed is a stingy snack. jack shafer is politico’s senior media writer.",0,1,0.4472076287643846,0.5527923712356154
"300,000 floridians have lost their health insurance as a result of obamacare.",1,1,0.41712623474325816,0.5828737652567418
"in 1992, mitt romney gave money to democrats for congress.",0,1,0.4545812135749764,0.5454187864250236
said his mother had to fight with health insurance companies for treatment because of a pre-existing condition.,1,0,0.5001339705124723,0.49986602948752773
"the interior department is in charge of salmon while theyre in fresh water, but the commerce department handles them when theyre in saltwater.",0,0,0.5182955296420199,0.48170447035798014
says scott walker tried to pass a law to allow pharmacists to block womens access to birth control.,1,1,0.2946640851463135,0.7053359148536865
"hillary's baby bond proposal would give $5,000 to each of the 4-million babies born in the u.s. each year, totaling $20-billion per year, multiplied by four years = $80-billion.",1,0,0.7386632351554576,0.2613367648445424
"repealing the sales tax on boats in rhode island has spawned 2,000 companies, 7,000 jobs and close to $2 billion a year in sales activity.",0,0,0.6411916710915255,0.3588083289084745
the health care compact bill would end medicares guaranteed benefit for tennessees medicare recipients and shift management of the federal health care plan to the states tenncare program.,1,1,0.2191067612776717,0.7808932387223283
says ted cruzs father was with lee harvey oswald before the assassination of president john f. kennedy.,1,1,0.3336508121454713,0.6663491878545287
the pink pony club in dekalb county has never been cited for any violation of an ordinance or state law.,0,0,0.7345065980359586,0.2654934019640414
a clear majority of americans support removing the cost-sharing requirement for prescription contraceptive coverage.,0,0,0.5964186391492301,0.40358136085076984
the presidents own advisers have said theres a war on coal.,1,1,0.4188199537407533,0.5811800462592467
on same-sex marriage,1,1,0.4322628628237757,0.5677371371762243
"it will cost $50,000 per enrollee in obamacare over the next 10 years.",1,1,0.42714634607476953,0.5728536539252305
"says obama puts 15 unelected, unaccountable bureaucrats in charge of medicare, who are required to cut medicare ... that will lead to denied care for current seniors.",1,1,0.2522732766484753,0.7477267233515247
this is not a mosque. its a cultural center that has a prayer area.,1,1,0.31208496471487657,0.6879150352851234
the benghazi victims were left helpless to die as hillary clinton soundly slept in her bed.,1,1,0.1678296222729576,0.8321703777270424
"the average student in florida, what they actually pay out of pocket at our major universities for tuition is as much or less than what they spend on cellphones.",0,0,0.7893034555420976,0.2106965444579024
says that 9 million to 50 million undocumented immigrants live in the united states.,1,0,0.7687438221401316,0.23125617785986843
eliminating obamacare ... saves $95 billion a year.,1,1,0.3043030914213364,0.6956969085786636
"inequality in texas is steadily getting worse, with very few rich people, a great many poor people, and fewer and fewer in the middle.",0,0,0.5417982952232996,0.45820170477670036
dave aronberg was the first to demand that bp create a billion-dollar fund to pay for the devastation.,0,1,0.40879555758210673,0.5912044424178933
"in 2006, bernie sanders voted in the house with hard-line republicans for indefinite detention for undocumented immigrants, and then he sided with those republicans to stand with vigilantes known as minutemen who were taking up outposts along the border to hunt down immigrants.",0,1,0.4785684641107084,0.5214315358892916
says donald trump brings in hundreds of foreign workers to replace americans.,0,0,0.7042096061856304,0.2957903938143695
"the people who were running the budget, in the corzine years, decided to steal from the unemployment trust fund. as did other governors before. we simply dont do that, havent done it, and wont permit it.",1,1,0.4884219216886271,0.5115780783113729
sen. barbara boxer voted against immigration reform to permit (hispanic immigrants) people to come here legally to work.,1,0,0.5614222614937134,0.4385777385062865
scientists project that the arctic will be ice-free in the summer of 2013.,1,1,0.24933037793053192,0.7506696220694681
president barack obama attended an islamic madrassa.,1,1,0.3067783638788594,0.6932216361211406
i have returned money every year since taking office.,0,0,0.5137363961255066,0.4862636038744934
florida has experienced positive job growth for 39 consecutive months.,1,0,0.7725091720886599,0.22749082791134015
"as governor, mike huckabee supported higher income taxes, sales taxes, gas taxes, grocery taxes, tobacco taxes, beer taxes, internet taxes, nursing home bed taxes.",0,0,0.6230172797466786,0.3769827202533214
were going to be looking at $8 billion a day that were going to be pouring into foreign countries in order to import that make-up fuel that were going to need to take the place of what we could have gotten out of the gulf.,1,1,0.4156529597618983,0.5843470402381017
president obama has the most border patrols and border security deployed at the border of any previous president.,0,1,0.20787886508184317,0.7921211349181568
90 percent of all pain medications are prescribed in the united states.,0,0,0.5919507994418297,0.4080492005581703
they tried to give us $400 million to build a high-speed train that goes 39 miles an hour.,0,1,0.34544164225501495,0.654558357744985
barack hussein obama will .. force christian organizations to pay for abortions.,1,1,0.17434689951712812,0.8256531004828719
"obamacare insurance cooperative failures should be expected because theyre like any business, and when you start businesses in america, at the fifth year, half of the businesses have closed.",0,1,0.4721907130285564,0.5278092869714436
on instances when abortions should be allowed.,0,1,0.35303472119052104,0.646965278809479
says delta air lines has once again broken a promise they made to me and to the people of memphis.,0,0,0.5756621010010108,0.4243378989989892
"under the new health care law, if a landscaper wants to buy a new lawnmower, or a restaurant needs a new ice-maker, they have to report that to the feds.",0,1,0.34565324103127903,0.654346758968721
"in early voting in miami-dade county, there is a trickle of two or three people a day at a very high cost to keep those public libraries and polls open.",1,0,0.6103304963406981,0.3896695036593018
u.s. rep. scott rigell wants gun owners in a federal registration system.,1,1,0.16871322766591235,0.8312867723340877
one out of every three automobile fatalities can be attributed to alcohol.,0,1,0.3533835230585457,0.6466164769414543
the state of wisconsin thinks you should have to wash your hands at least 28 times to make one peanut butter-and-jelly sandwich.,0,0,0.5713526900782442,0.42864730992175587
"if you are going to kill the families of terrorists, realize that theres something called the geneva convention were going to have to pull out of.",0,1,0.49480459390116205,0.505195406098838
obama's liberal fiscal agenda: over $874-billion in new spending.,0,1,0.29487774683219614,0.7051222531678039
says barack obama has played over 90 rounds of golf as president.,0,1,0.31245948163127313,0.6875405183687269
"one critically wounded as charlotte police endure second night of riots… [video] in a second night of violent protests in charlotte, north carolina after a black police officer shot and killed an armed, black suspect, keith lamont scott, things are spiraling out of control and the governor has declared an emergency there. one protester is clinging to life by a thread after being critically wounded by a protester who shot into the crowd randomly. he was hit in the head and is on life support. three other protesters and four officers were wounded in the chaos. i even heard that protesters tried to throw a reporter into a fire. i also saw white people in their cars with guns for protection. i can’t say that i blame them. the nascar hall of fame and many other businesses were hit by vandals during all of this. the national guard has now arrived to help fight the increasing violence in charlotte. from the daily mail: national guard troops have arrived in charlotte after a protest turned violent on wednesday night. a state of emergency has been declared in response to the chaos that has taken over the north carolina city, two days after a father-of-seven was shot dead by a police officer. one of the demonstrators was shot in the head outside the omni hotel and is fighting for his life. at least three other protesters and four police officers were also taken to hospital after they were injured in the riot. a cameraman and reporter for wcnc-tv were also attacked while a cnn correspondent was body-slammed during a live broadcast. it was the second night of unrest following the deadly shooting of keith lamont scott by black cop, brentley vinson, on tuesday afternoon. police insist he was armed, but family members maintain he was only reading a book when he was gunned down next to his car. many businesses and buildings, including the nascar hall of fame, were hit by vandals and looters. major companies with offices in the downtown area – including bank of america, wells fargo and duke energy – all told employees to stay away from the area thursday. charlotte mayor jennifer roberts is considering putting a curfew in place in a bid to control the disorder. a number of black people defended the police officers, but there were far more that wanted to get their violence on there. a cameraman and reporter for wcnc-tv was attacked, while a cnn correspondent was body-slammed during a live broadcast. on thursday morning, hotel and restaurant employees and security guards started cleaning up dozens of broken windows after protesters smashed buildings and painted the slogan ‘black lives matter’ on walls. demonstrators were also seen breaking into a convenience store and a shop that sells merchandise for the nba franchise, the charlotte hornets. others set fire to trash cans. some protesters expressed anger at the lawlessness exhibited by fellow demonstrators. one woman was heard shouting, “stop – that’s not what this is about,” as young men broke bottles in the street. after a black man shot another protester, demonstrators began throwing bottles, dirt clods and fireworks at the officers. the police fired flash grenades and then tear gas back, dispersing the crowd of several hundred. protesters responded by hurling trash cans and potted plants. a riot is an uncontrollable beast… once you unleash it, it takes on a life of its own and the message is usually lost in the violence and chaos that ensues. i fear this is another step in a race war and all out chaos in our streets. russia must be smiling. watch the latest video at video.foxnews.com",0,0,0.5328799225097103,0.4671200774902898
"rick perry had planned to retire from the legislature until his best friend, david weeks, and i talked him into switching parties and running for the gop nomination for agriculture commissioner.",0,0,0.507932447363717,0.49206755263628293
says a state bill checks the spending habits of the milwaukee county board of supervisors by bringing it in line with other county boards around the state.,0,0,0.6149286998477258,0.3850713001522742
many just call him lyin ted. ... histv ad about john kasich? lie! stations had to pull it off the air.,1,0,0.5437034854553624,0.45629651454463754
a yougov.com poll shows 71 percent of obama voters regret voting for him.,1,0,0.613935413813789,0.386064586186211
the vast majority of our international commitments take effect without congressional approval.,0,1,0.42995934911533773,0.5700406508846623
"one out of two americans are living either in or near poverty. that means 150 million americans, half of us.",0,0,0.8505086247938886,0.14949137520611144
"(mary) burke was a senior member of the doyle administration that left wisconsin with 130,000 fewer jobs.",1,1,0.35217118956245486,0.6478288104375451
"since sherrod brown and the democrats rammed the economic stimulus bill through, ohios unemployment rate has risen to 9.6 percent, above the national average.",0,0,0.5195414889208072,0.48045851107919285
on the iran nuclear deal,0,1,0.43739237156584576,0.5626076284341542
on implementing a sales tax.,1,1,0.4745209856697321,0.5254790143302679
"john mccain said ""he wouldn't even sit down with the government of spain, a nato ally that has troops in afghanistan with us now.""",1,0,0.5250698656741095,0.47493013432589054
says house republicans rejected a straightforward measure that would prevent members of congress and the president from being paid during a government shutdown.,0,1,0.4622783242450962,0.5377216757549038
"says goldman sachs ceo said congress would have to cut social security, medicare and medicaid and give huge tax breaks to the wealthy and the large corporations.",0,0,0.5106447842001478,0.4893552157998522
"says donald trumps conversion to pro-life beliefs are akin to justin biebers, who said in the past that abortion was no big deal to him.",1,1,0.40562069546135504,0.594379304538645
the voting public had no say in the atlanta regions proposed transportation project list.,1,1,0.4615797599901371,0.5384202400098629
"every year the average woman loses around $11,000 to the wage gap, which amounts to a $500,000 vagina tax over her working career.",0,0,0.7308509396177331,0.26914906038226694
"since 1978, california has spent $5 billion to put 13 people to death.",1,1,0.4552845385266536,0.5447154614733464
the states that are doing better are the ones that have no state income tax.,0,0,0.5510942096789109,0.4489057903210892
the proposed raises for the norcross city council would put it in line with other liked-sized communities.,0,1,0.4579173750459037,0.5420826249540963
"barack obama said ""people making less than $250,000 would benefit from his plan"" then said ""if you're a family making less than $200,000, you'll benefit.""",0,1,0.2885476425277168,0.7114523574722832
"on syria, alot of the allies signed on. at the last minute, obama backed off.",1,1,0.3353891252801783,0.6646108747198217
richard nixon released tax returns when he was under audit.,0,1,0.4582123622970242,0.5417876377029758
says oil productions down where obamas in charge.,0,1,0.23026253140467634,0.7697374685953237
"between 2000 and 2010, the illegal immigrant population of texas increased by 60 percent, while california and florida had no increase.",0,0,0.7034811371443498,0.2965188628556502
says obama has failed to pass a budget.,1,1,0.32352385453718957,0.6764761454628104
"in sauk city, wisconsin, the id office that provides identification for voting is only open on the fifth wednesday of every month -- a total of four days in 2016.",0,0,0.523273291055433,0.47672670894456703
says donald trump publicly invited putin to hack into americans (emails).,0,0,0.6210297317801776,0.37897026821982244
"if every house in florida had a solar-heated water tank, that would eliminate consumption by 17 percent.",0,0,0.672966240478436,0.32703375952156405
there really isnt any kind of foreign policy network that is supporting and advising sen. sanders.,0,0,0.5421812571298796,0.4578187428701204
u.s. senate candidate todd akin was partly right that a womans body has a way of shutting down so that a pregnancy doesnt occur if shes raped.,1,1,0.4495696086206997,0.5504303913793003
"by one leading measure, what business owners pay out in wages and salaries is now finally growing faster than what they spend on health insurance for the first time in 17 years.",0,0,0.6690364147848177,0.3309635852151823
almost 40 percent of all (undocumented)immigrants come by plane and they overstay their visas.,0,0,0.7958639548150449,0.20413604518495512
state legislators quietly shifted $2 billion from education to road building in 2013.,1,1,0.3983418076136067,0.6016581923863933
"with 320,000 net ohio manufacturing jobs lost, (sen. rob) portman calls nafta a proven success.",1,0,0.6251205809757905,0.37487941902420946
"the 90 percent statistic ofsupporting background checks, thats been debunked.",1,0,0.7926862853958362,0.20731371460416384
says texas schools have had massive increases in class sizes with rick perry as governor.,1,1,0.46350479510778964,0.5364952048922104
"obama supports ""teaching schoolchildren in 2nd grade, no less about homosexual relationships.""",1,1,0.32830884493789014,0.6716911550621099
"(newt gingrich) voted in favor of establishing the department of education, and yet he gets in a debate and says we should get rid of the department of education and send all the education issues back to the states.",0,0,0.5651692160153559,0.4348307839846442
it cost us more to shut the government down than to keep it open.,0,1,0.33736586128825674,0.6626341387117433
"barbara buono by the numbers: as a trenton politician, she voted to raise taxes 154 times. under her, property taxes up 70 percent. backed a 16 percent sales tax increase. utilities, nursing homes, cell phones, parking lots, lottery wins, gyms she taxed them all. architect of corzines budget, she drove new jersey $2 billion into debt. barbara buono by the numbers: taking new jersey backwards.",0,1,0.3787286526296121,0.6212713473703879
says hillary clintons health care plan from the 1990s had a broader provision in favor of corporate right to back out of providing contraceptive coverage than the one created by the hobby lobby supreme court decision.,1,1,0.3077169533978441,0.6922830466021559
"more people hunt and fish in texas in a given year than attend the... games of the dallas cowboys, the dallas mavericks, the houston texans and the houston rockets combined.",0,0,0.6377448897594556,0.36225511024054435
says he voted for even stronger protections (in the violence against women act)than obamas agenda will allow.,1,1,0.3688286298226323,0.6311713701773677
we spend less on defense today as % of gdp than at any time since pearl harbor.,1,0,0.7733908041741172,0.22660919582588276
john faso took money from fossil fuel companies as they tried to take your land by eminent domain for a fracked gas pipeline.,0,0,0.5809610334271889,0.4190389665728111
we have 395 inmates pushed into triple-bunked cells intended for two inmates and bunked in classrooms and areas supposed to be designated for inmate labor.,1,1,0.49651653767163595,0.503483462328364
"part of his ride was to warn the british that were already there that, hey, youre not going to succeed.",1,1,0.29969924735858955,0.7003007526414105
jim dunnam has not lived in the district he represents for years now.,1,1,0.47718993232166496,0.522810067678335
david perdue opposes laws that provide equal pay protections for women.,1,1,0.40834615907787597,0.591653840922124
"says mitt romney was clear that he would not provide government assistance to the u.s. auto companies, even if they went through bankruptcy.",1,0,0.6063061596229045,0.39369384037709554
chris coons has marxist beliefs.,1,1,0.3970881838173358,0.6029118161826642
there are justice department policies against fbi director james comey discussing details of a federal investigation so close to an election.,0,1,0.3341018845408935,0.6658981154591065
more americans have died from guns in the united states since 1968 than on battlefields of all the wars in american history.,0,0,0.6842029496535171,0.31579705034648287
"when asked about bills in congress important to the north country, derrick responded i just dont know enough about it.",1,1,0.4428924901487806,0.5571075098512194
"then-gov. carl sanders put 56 percent of the state budget into education, a figure that has not been achieved since.",0,0,0.6663124818610855,0.33368751813891456
we have never gone a year in virginia -- ever -- without passing a budget -- ever.,1,1,0.48441764869368,0.51558235130632
a democratic poll operation shows that fox news is the most trusted news operation in the country.,0,1,0.30608591967177123,0.6939140803282288
say oregon reps. peter defazio and earl blumenauer are socialists who are openly serving in the u.s. congress.,1,1,0.18051979820793662,0.8194802017920634
says studies show the average age of entry into prostitution is 12 to 14 years old.,0,0,0.5086213008563853,0.49137869914361465
says every school will be negatively impacted if education stability fund is not tapped.,0,1,0.38990451984599817,0.6100954801540018
says florida had five sanctuary cities while jeb bush was governor.,1,0,0.7303155524579235,0.2696844475420766
"when i become the nominee, the democratic nominee, i will be the only pro-choice candidate on the ballot.",0,0,0.588065741557209,0.41193425844279097
medicare has at least $80 billion worth of fraud a year. that's a full 20 percent of every dollar that's spent on medicare goes to fraud.,0,0,0.7519414437637659,0.24805855623623402
i have spent virtually every weekend since memorial day in the panhandle.,0,0,0.5592959278809418,0.44070407211905815
says austin mayor lee leffingwell voted for a toll lane on mopac.,0,1,0.4090873755997183,0.5909126244002817
says his sons were targeted on facebook by out-of-state protesters.,0,1,0.3133337619290033,0.6866662380709967
says he lived up to a 2008 promise when he closed corporate tax loopholes that were sending profits overseas.,0,1,0.4928125681780956,0.5071874318219044
speakers at the democratic national convention made zero mentions of the global terrorist threat posed by isis.,0,1,0.20697442030501123,0.7930255796949888
"says rob portman voted for the bipartisan bill to affirm climate change is real, humans significantly contribute to it and it needs to be addressed.",1,1,0.39896198499234314,0.6010380150076569
we are the only industrialized nation that relies heavily on a for-profit medical insurance industry to provide basic health care.,0,0,0.5336381323254603,0.4663618676745397
"chained cpi would save $1 trillion in the second decade off the federal budget debt, a report shows.",0,0,0.8204304142002192,0.1795695857997808
david dewhurst is the first lieutenant governor in history to have a personal security detail.,0,1,0.493577438440273,0.506422561559727
"on how he measures his promise to create 700,000 private-sector jobs in seven years.",1,0,0.5744623432306835,0.4255376567693165
on whether the state should privatize the ohio turnpike.,0,0,0.7184786713662326,0.28152132863376744
we know from the social science that children do best with a mom and a dad.,1,1,0.2523228712491742,0.7476771287508258
"says ohio gov. john kasich had the worst rating on spending of any governor in the country, republican or democrat.",0,0,0.7930850382449537,0.20691496175504626
the 2012 national survey on drug use and health found that up to half of daily marijuana smokers become addicted -- an estimated 2.7 million people in the u.s.,0,0,0.6093294724926268,0.39067052750737313
president obama has the lowest public approval ratings of any president in modern times.,1,0,0.5602385568324283,0.4397614431675717
"in 2005, dan branch tried to expand third-trimester abortions in texas.",1,1,0.4419235560983612,0.5580764439016388
the birther movement was started by hillary clinton in 2008. she was all in!,1,1,0.43436270027246937,0.5656372997275306
"(birmingham, ala.) is the cradle of the civil rights movement.",1,1,0.48669776886066096,0.513302231139339
"says the united states has treaties with apparently 69 countries where we are obligated to defend their borders. and these were treaties that were executive treaties, not authorized by congress.",1,0,0.6169916794441459,0.38300832055585415
"the u.s. attorney’s office in manhattan is investigating anthony weiner’s alleged sexting with a minor, according to two officials briefed on the case. an inquiry was opened, although no formal complaint has been filed. federal officials have issued a subpoena for weiner’s cell phone records. federal prosecutors will not confirm nor deny the existence of an investigation, per justice department policy. the investigation was first reported yesterday by the daily mail. asked for comment at an unrelated press conference, new york gov. andrew cuomo said, ""if the reports are true, it's possibly criminal and it is sick. and frankly, i’ve heard enough about anthony weiner and i think that goes for all new yorkers.""",0,1,0.3490958295166826,0.6509041704833174
we have the third-lowest minimum wage of developed countries.,0,0,0.7497451344371986,0.25025486556280135
"in just 17 years, spending for social security, federal health care and interest on the debt will exceed all tax revenue!",0,1,0.4158969526278753,0.5841030473721247
state pension fund staffers lost billions. then sink gave them bonuses.,1,1,0.4494649376610744,0.5505350623389256
"in 2012, 1 in 4 wisconsin schools had a subpar score on the department of public instructions recent report cards and are failing the children they serve.",1,1,0.4435487395304514,0.5564512604695486
says miami congressman carlos curbelo supports drilling offshore and repeatedly voted against president obamas ability to fight pollution and combat climate change.,1,1,0.24830361607955487,0.7516963839204451
says wisconsin women facing pay discrimination cant do something about it under bill passed by republicans.,1,1,0.26395368448704215,0.7360463155129578
says will rasmussen supported a sales tax as recently as last spring.,1,1,0.44085584506336317,0.5591441549366368
the southern baptist convention voted 13 years ago that women were inferior and had to be subservient to their husbands.,1,0,0.5018139495302026,0.49818605046979736
"the top 1 percent of income earners pay 40 percent of all state income taxes, and those at the bottom pay little or nothing.",0,0,0.664005650116047,0.33599434988395305
"says president barack obama told a room of students, children, every time i clap my hands together, a child in america dies from gun violence, and then a child told him he could solve the problem by not clapping any more.",1,1,0.27900958479283955,0.7209904152071605
"under a proposal by rep. paul ryan, people on medicare will only have $15,000 from the federal government to spend on their health care.",1,1,0.36716662261114175,0.6328333773888583
on timing of right to work legislation,0,0,0.5806653659060219,0.4193346340939781
president obama is a muslim.,1,1,0.13150936523586187,0.8684906347641381
"iowa, for good reason, for constitutional reasons, for reasons related to the lord, should be the first caucus and primary.",1,1,0.37419101210336136,0.6258089878966386
only in washington would politicians spend $27 million to teach moroccans how to make pottery.,1,1,0.47648196019402334,0.5235180398059767
"in oregon, students are skipping math class to learn about the bible.",0,1,0.4987512638616808,0.5012487361383192
"under a new law regulating abortions, even if youre raped, if you dont report it in the first 30 days, the republicans will force you to have an ultrasound.",0,0,0.5476377627479069,0.4523622372520931
"this year, the overwhelming majority of new jobs are part time.",0,0,0.5488429809000017,0.45115701909999834
"under the ruling of the supreme court, any lobbyist could go into any legislator and say, if you don't vote our way on this bill, we're going to run a million-dollar campaign against you in your district.",0,1,0.3658936412192165,0.6341063587807835
sen. marco rubio refuses to accept the basic science on climate change and is a climate change denier.,0,0,0.5591130039708619,0.44088699602913806
the u.s. house rule barring members from wearing hats while in session dates back to the 1800s and can be waived by the speaker.,0,0,0.6069352781675998,0.3930647218324002
on raising taxes.,1,0,0.55694962987849,0.44305037012151
president obama is shrinking our military.,0,1,0.34013993948834065,0.6598600605116594
"a texas police department bought an ad telling drug dealers, we can take your competition off the streets for free.",0,1,0.4506263814484448,0.5493736185515552
"in rhode island, nearly 9 percent of covered employees go out on short term disability every year, with an average outage from work of almost 12 weeks each.",0,0,0.7164458083317699,0.28355419166823015
the declaration of independence was written on paper made out of hemp.,1,1,0.44674144623447387,0.5532585537655261
this bill allows virginia to join about 23 other states that have an ultrasound procedure before an abortion.,0,1,0.35467502565442777,0.6453249743455722
the platform of the republican party says deport everybody and to hell with it.,1,0,0.5456226688015192,0.4543773311984808
our businesses have created jobs every single month since (obamacare) became law.,0,1,0.4250798756713371,0.5749201243286629
"as a sign of extraordinary progress, there are half as many (primary-age) children out of school today as there were 15 years ago.",0,0,0.7444602076915272,0.25553979230847274
"given the results of the primary, the vote of one new hampshire superdelegate is equal to the votes of about 10,000 grassroots activists.",0,0,0.6473523519385589,0.35264764806144105
demand for public transportation is reaching record levels in wisconsin.,1,1,0.4595277008886337,0.5404722991113663
were the most highly taxed nation in the world.,1,1,0.41482072653695024,0.5851792734630498
a study ranked florida no. 1 in government corruption under gov. rick scott.,1,1,0.39022783395673566,0.6097721660432643
"says if you try to hide marijuana in a hemp field, it becomes worthless. the thc goes away.",0,1,0.3252260342197457,0.6747739657802543
democrats in congress had control since january of 2007. they haven't passed a law making waterboarding illegal. they haven't gone into any of these things and changed law.,1,1,0.26100383294107354,0.7389961670589265
"says that when he first ran for office in the late 1980s, there were still folks who didnt have phone service. soon id helped ensure that everyone in north florida could access a dial tone.",0,0,0.5939099479462571,0.406090052053743
"the state of georgia lost 16 percent of its employees last year, and that percentage has risen over the past three years.",0,0,0.6251442694453808,0.3748557305546191
says about nsa data collection: every member in both parties who served on the intelligence committee voted in favor of this.,0,1,0.4368774794171292,0.5631225205828708
every one of the mass shootings except two in america since 1950 have been in gun-free zones.,0,1,0.3286039583033412,0.6713960416966588
mccain lobbied for (a) $10-million pork project honoring conservative justice.,0,1,0.4903715644120198,0.5096284355879802
"while 9,000 state employees were added to the states payroll, oregons revenue forecasts dropped by more than $4 billion.",0,0,0.6219982807964293,0.3780017192035707
an average of seven children in america are killed by guns every day.,0,0,0.660187210085595,0.33981278991440506
"sen. johnny isakson voted for a trade agreement, with china costing georgia 93,000 jobs.",0,0,0.6093266725545665,0.3906733274454334
says donald trump is going to go out and carpet bomb the middle east.,1,0,0.5315752717813834,0.4684247282186166
soy ... el nico official estatal quin es un hombre de negocios.,1,0,0.5905467981624856,0.40945320183751444
the average age of first marijuana use is 12.,1,0,0.6292543019902788,0.3707456980097213
on campaign contributions from electric utilities.,1,1,0.4045615194285983,0.5954384805714017
"even when all other state agencies took cuts, gov. [nathan] deal increased education spending every year.",1,0,0.6437725878965916,0.3562274121034084
says mark warner has supported harry reid down the line.,0,1,0.4205649058879707,0.5794350941120293
says mark udall decided obamacare. ... he passed obamacare with his vote.,1,1,0.18335422493680176,0.8166457750631982
richmond is the most vegan-friendly city.,1,0,0.5085477843840515,0.49145221561594854
"[when i was mayor] providence was one of the five renaissance cities of america, according to usa today in those days. money magazine said it was the fifth best city to live in in america. in addition to that, all cities almanac said in 1994, i believe, that it was the safest city in america.",0,0,0.7627841689310735,0.23721583106892655
the total unemployment rate for hispanic or latino workers has increased from 10% to 10.3% between january 2009 and march 2012.,1,0,0.7221577539958237,0.27784224600417623
the iran nuclear deal is putting billions of dollars back into a country thats the worlds largest supporter of terrorism. we are actually giving them the money to fund the terrorists that are killing us and our allies.,0,1,0.39925804733500847,0.6007419526649915
"under maggie hassans leadership, we increased state spending in the middle of the great recession by 24 percent leading up to and following it.",0,0,0.6709126803521414,0.32908731964785864
im the only one whos fought against developers draining the everglades!,1,1,0.49893005450324013,0.5010699454967599
"under obamacare, premiums have doubled and tripled in wisconsin.",0,1,0.3421880698337,0.6578119301663
the massachusetts health care plan is wildly unpopular among state residents.,1,1,0.42307500963033795,0.576924990369662
says 2012 was the first year in american history that more minorities are being born than people in the majority.,0,0,0.6174910433473304,0.38250895665266954
"says that under rick perrys plan, texas has cut funding for public schools by 25%.",0,0,0.5214696266678823,0.4785303733321177
says president barack obamas overturning of the mexico city policy means federal tax dollars can be used to fund abortion all over the world.,1,1,0.23126312752118594,0.7687368724788141
"obama ""voted for ... $3-million for an overhead projector at a planetarium in chicago.""",0,1,0.44995574651030645,0.5500442534896935
says opponents of proposed austin school district bonds say the districts debt load doubles with these new bonds.,0,0,0.5592909191017852,0.44070908089821487
the chinese government provides their people no access to the internet.,1,0,0.5806929772899649,0.4193070227100351
"this budget also reflects the smallest state government workforce per 1,000 residents in florida in this century.",0,0,0.5388306453708427,0.46116935462915737
"says a new report proves the stimulus supported by n.j. democrats cost $278,000 per job.",1,1,0.38636825166787725,0.6136317483321228
michael dukakis created jobs three times faster than mitt romney.,0,0,0.7398982292696012,0.2601017707303988
on switching parties.,1,0,0.6153544020352507,0.3846455979647493
three thousand felons voted in rhode island in 2008.,0,1,0.4583909390087335,0.5416090609912665
marco rubio tried to insert $1.5 million for a rowing institute into the state budget.,1,0,0.5432295990191127,0.4567704009808872
"sarah palin ""already has more executive experience"" than barack obama and joe biden ""combined.""",0,1,0.3613343595522761,0.6386656404477239
the election bill allows persons to correct an absentee ballot if they did not sign it and requires an extra two hours a day for early voting. everything else in this bill is discretionary.,0,0,0.6364759727390361,0.36352402726096394
"we admit about 100,000 permanent immigrants from the middle east every year.",0,1,0.4896417672153244,0.5103582327846756
"when (marcy) kaptur fought for the democrats prescription drug benefit for seniors, (dennis) kucinich voted no.",1,1,0.3419088382582717,0.6580911617417283
the senate immigration bill unleashes a massive increase in overall immigration. were talking about a population increase under the senate bill of over 70 million people in 20 years.,1,0,0.5050195803736368,0.4949804196263632
60 percent of texas 8th graders are not proficient in math. only 26% have a teacher with a undergraduate major in math.,0,0,0.6386898312385396,0.3613101687614603
"since 2009, georgias public schools have lost nearly 9,000 classroom teachers while the number of students has gone up.",0,0,0.7173840066300844,0.2826159933699156
"for more than 30 years after world war ii, there was a steady reduction in u.s. debt as a percentage of gross domestic product.",0,0,0.7408348951668513,0.25916510483314875
says rick scott presided over cuts to the bright futures college scholarship program.,0,0,0.6447329194388314,0.3552670805611687
saysruben kihuen only managed in the minority to get one bill passed out of the eight to 10 he introduced during the 2015 legislative session.,0,0,0.5247009987000819,0.4752990012999181
"due to the sequester, people are going to be unsafe. homes are going to burn.",1,1,0.3654429479097884,0.6345570520902116
i had the longest judicial vacancy in the history of the united states.,0,1,0.49421266423863064,0.5057873357613694
"under pat mccrory, (north carolina) has fallen to 41st in teacher pay.",1,0,0.5623447898060088,0.4376552101939913
tampa bay isleading the state in jobs creation.,1,0,0.5665696326956196,0.4334303673043805
we are within the margin of error.,0,0,0.6293165034273339,0.3706834965726661
"members of congress passed a pay raise for themselves of $10,000 over two years even as they voted not to raise social security benefits for 2010 and 2011.",1,0,0.5466204029365948,0.45337959706340525
"obama's wife said her goal in life was to put the black community ""first and foremost.""",0,1,0.4079682240913043,0.5920317759086957
the islamic state just built a hotel in syria.,1,0,0.5569200363218322,0.4430799636781678
says barack obama has gone from blaming george w. bush to plagiarizing george w. bush.,1,0,0.5228783917067545,0.4771216082932454
mr. hurt would re-open that darn (medicare) doughnut hole.,0,1,0.23983556121716776,0.7601644387828322
the federal health care law raises taxes and cuts medicare.,0,1,0.20926671257042706,0.7907332874295729
"saystheres 400,000 anchor babies born in the united states a year, which areindividuals coming to our country and having their children so their children can be u.s. citizens.",1,0,0.73933725624335,0.26066274375665005
the u.s. court of appeals for the fourth circuit compared the health care law to buying a pepperoni and ham pizza from dominos or pizza hut.,0,1,0.34572782048077944,0.6542721795192206
"i can’t wait for “weekend at chelsea’s” to hit the big screen. cnn and the rest of hillary clinton’s slobbering media sycophants have already written the script. if this woman, god forbid, dropped dead on the sidewalk tomorrow, these doting suck-ups – these mass media strumpets whose voter trust has, understandably, reached an all-time low – would dutifully parrot the clinton campaign talking points and call it a “minor setback” to her “inevitable” victory. the american people aren’t buying it. this is a severely ill woman. no more “conspiracy theory” dismissals. mrs. clinton’s “mild cold,” er, “seasonal allergies,” i mean “heat exhaustion,” that is to say “minor case of pneumonia” is, evidently, of the rare kind that requires a permanent traveling physician and a “mystery man” who rushes to her side whenever she has one of her frequent and uncontrollable “episodes” (or otherwise freezes up with a brain “short-circuit” during a speech). this guy has been spotted with the clintons during medical emergencies going back to 2003 when hillary suffered a brain blood clot (also covered up) and carries in hand what many medical experts say is a diazepam pen. diazepam is an intravenous drug used to treat seizures. blue tinted glasses of the sort mrs. clinton was wearing sunday when she collapsed are also worn by patients who suffer seizures. these therapeutic specs are likewise used to relieve symptoms of parkinson’s disease – a neurological disorder from which a number of doctors indicate mrs. clinton likely suffers (since when has “pneumonia” required a neurological squeeze test?). the clinton campaign needs to come clean. they won’t, but they should. i wonder what official “diagnosis” we’ll get the next time she seizes up and collapses into the arms of eerily calm secret service agents acting as though they’ve been there a hundred times before. “nothing to see here, folks. secretary clinton’s sciatica is just acting up a bit from the 30 miles she ‘powered through’ yesterday going door-to-door.” the point is that, once more, by lying about illness mrs. clinton has reinforced (and justified) concerns about both her physical and moral fitness to serve as president. she’s proven, yet again, that she can’t be trusted. she has confirmed a number of pre-conceptions that voters, as revealed by her historically low approval ratings, have formed relative to her health and character. she’s a liar. that’s her default mode. she’s corrupt. and she’s sick. very sick. she puts her own personal political ambition and lust for power above all else – including the best interests of the nation, and even her own life. do i take joy in mrs. clinton’s sufferings and plummeting poll numbers? well, no on the first, yes on the second. “do not gloat when your enemy falls; when they stumble, do not let your heart rejoice” (proverbs 24:17). indeed, mrs. clinton has had a very bad week, but her poll numbers were already trending downward. her medical crisis over the weekend, coupled with her stepping in it by smearing half of donald trump’s supporters as a “racist” and “irredeemable” “basket of deplorables,” has only served to accelerate the plunge. perhaps this is because of the glaring hypocrisy associated with such a statement – especially by this particular woman. this is the same hillary clinton who once called the late sen. robert byrd, d-w.va., her “friend and mentor.” sen. byrd, of course, was a recruiter for the actually deplorable kkk. this is the same hillary clinton whose husband, former president bill clinton, was caught jokingin 2008 that president obama should be carrying his bags – the same woman whose democratic party opposed the 1964 civil rights act while republicans, not unlike those she just slandered, worked hard to pass it. finally, and going back a bit further, this is the same hillary clinton whose party fought a war to maintain slavery in the u.s. while hundreds-of-thousands of republicans gave up their lives to free them. who’s the racist? i’m praying for hillary clinton. despite what her campaign and worshipful media disciples are peddling, and notwithstanding her being caught in lie after lie, our eyes have been telling us the truth for months, maybe even years now. to watch this increasingly frail, bitter and elderly woman stiffen up, convulse and collapse into the arms of well-practiced staffers is hard to stomach. you can’t help but feel some modicum of compassion for her, wicked though she may be. it’s almost tragic to witness. hillary clinton has lived her entire life for this moment. everything she’s ever done or said, and the mounding piles of lecherous bs she’s put up with from her sexually predatory partner-in-crime, has been designed to place her in the oval office, not as first lady, but as president of the united states. proverbs 19:21 says, “many are the plans in a person’s heart, but it is the lord’s purpose that prevails.” am i saying there’s no chance hillary clinton will win? not at all, though i think it unlikely. between her devoted media harpies, her team of around-the-clock doctors and a campaign staff well versed in the practice of propaganda and cover-up, there’s always a chance they might just literally carry her over the finish line to victory. still, it remains my humble prayer that this past week signals the beginning of the end for hillary clinton’s political aspirations. even so, i also pray she might live a long and healthy life in the private sector – a life with plenty of time to bounce cute little grandkids on her knee. when they visit her in prison. the views expressed in this opinion article are solely those of their author and are not necessarily either shared or endorsed by eaglerising.com",1,1,0.32780062433220536,0.6721993756677946
says barack obama had huge majorities in congress during his first two years in office and did nothing with them to create jobs in america.,1,1,0.22801030494174435,0.7719896950582557
the size of our federal government has more than doubled since the year 2000.,1,0,0.7872433161201465,0.21275668387985344
"the health care bill will subsidize families of four that make more than $80,000 a year.",0,0,0.6304945453067574,0.36950545469324264
undocumented workers crossing the border right now is at a 12-year low.,0,0,0.5992153638512216,0.4007846361487783
"the centerpiece of senator mccain's education policy is to increase the voucher program in d.c. by 2,000 slots.",1,0,0.7089809772345275,0.29101902276547253
"the health care bill ""dumps 15 to 18 million low-income americans into a medicaid program that none of us want to be a part of because 50 percent of doctors won't see new patients.""",0,0,0.6313537382736563,0.36864626172634374
"the big wall street banks, the big corporations give many times more political donations to democrats than republicans.",1,0,0.5760726082955556,0.42392739170444443
you cant build a christian church in saudi arabia.,0,1,0.27894789133067777,0.7210521086693222
over 81 percent of the babies that are born at lbj hospital right here in houston are born of women who are not here legally.,1,0,0.7473137802851355,0.25268621971486455
nearly 90% of travis county government races will be settled by the time of the democratic primary.,0,1,0.4557570979435611,0.5442429020564389
no one on my staff has ever been charged with a crime.,1,0,0.6085000759665931,0.39149992403340694
"the weight of the evidence (on global warming) is that most of it, maybe all of it, is because of natural causes ... its fair to say the science is in dispute.",1,1,0.32694924972543904,0.673050750274561
amanda murphy has two vacation homes around the world.,1,1,0.35571759690009563,0.6442824030999044
"in south sudan, more teenage girls die in childbirth than finish high school.",0,0,0.5356880387253758,0.46431196127462415
"road congestion costs rush hour drivers in austin and dallas more than $1,000 a year. and in houston, its even more -- almost $1,500 a year.",0,0,0.5095450711723275,0.49045492882767255
says in oregon only 41 percent of adults have ever been tested for hiv.,0,0,0.7493874377576759,0.25061256224232403
fox news uses photo of a married couple promoting traditional marriage and the photo is actually of a same-sex couple.,0,1,0.47651057468221236,0.5234894253177876
"our spending has caught up with us, and our debt soon will eclipse the entire size of our national economy.",0,0,0.7924092829900897,0.2075907170099103
were taxing our small businesses now at rates higher than corporations.,1,0,0.6250867910492576,0.3749132089507424
750 days since bill nelson the democrats in the senate passed a budget. how can this be justified?,0,0,0.5590491411154828,0.44095085888451724
says a national coca-cola study showed texans love texas more than residents of any other state love their state; wisconsinites ranked second.,1,0,0.5889293179179145,0.4110706820820856
"right now, texas doesnt have an income tax and oklahomas lowering their income tax rates, and guess what their severance tax is? sky high.",0,0,0.5148003313348339,0.4851996686651661
the state budget has actually grown by $4.6 billion under gov. scott walkers actions.,0,0,0.5482118856044997,0.45178811439550026
a poll taken a few months ago found 70 percent approval or higher for the act 10 collective bargaining law.,1,0,0.8197776545517305,0.1802223454482695
on offshore drilling for energy,0,0,0.5616092172485858,0.43839078275141424
currently it costs more than a penny for the u.s. mint to make a one cent coin and more than a nickel to make the five cent piece.,0,1,0.43647838106481196,0.563521618935188
"after the 2012 redistricting, wisconsin has competitive congressional districts.",1,1,0.34490527968260987,0.6550947203173901
"when these [undocumented] students graduate from college, theyre still illegal aliens. they cannot get a job.",0,0,0.5665271803618348,0.4334728196381652
says texas is the only state that exempts jet fuel from its state motor fuels tax.,1,0,0.6173343028508298,0.3826656971491702
"the federal government owns about half of the west, yet it continues to acquire more land.",0,0,0.6683374872855521,0.3316625127144479
says gov. scott walker is cooking the books by releasing numbers he just dreamed up that show wisconsin gained jobs in 2011.,1,1,0.20184500848916997,0.79815499151083
"middle-class families throughout america (would) have to pay $6,000 per year to pay for tax cuts for the wealthy.",1,0,0.5540398908427641,0.44596010915723594
the unemployment rate among (the) non-college-educated is well into the double digits in america. its 4 percent or 5 percent for people who have college degrees.,0,0,0.7013083870401854,0.2986916129598146
i also voted 98 percent of the time with republicans in the oregon legislature.,1,0,0.818697315676396,0.181302684323604
"says ted cruz said, there is no place for gays or atheists in my america. none. our constitution makes that clear.",1,1,0.29028187253640436,0.7097181274635956
"after shedding jobs for more than 10 years, our manufacturers have added about 500,000 jobs over the past three.",0,0,0.627080503981327,0.37291949601867297
"says howard zinn, an anti-american marxist, wrote the most popular textbook thats taught in our high schools in america.",1,1,0.4249833756290673,0.5750166243709327
there was even a time when (donald trump) didnt get an emmy for his tv program three years in a row and he started tweeting that the emmys were rigged.,0,0,0.7384393482598463,0.26156065174015375
the (florida) casino proposed by malaysian gambling conglomerate genting would be nearly double the size of the largest casino in the world.,0,0,0.6968650234400655,0.3031349765599345
"the seminole gambling compact offers $3 billion in guaranteed revenue, the largest share for any state in history.",0,0,0.6849422501824798,0.3150577498175202
"if they made no changes whatsoever, the [state employees pension] plan still had enough money to go forward for approximately the next 16 years.",1,0,0.6010661977235087,0.39893380227649133
"hillary clinton and donald trump ushered the 2016 presidential campaign into a new phase tonight, and they did it with plenty of barbs. the two candidates faced off in their first general election debate at hofstra university in long island, new york, in front of what was expected to be a historic number of television viewers. here are 10 moments that mattered at the first general election presidential debate: 1. nominees started off on a friendly note but no escaping the sarcasm hillary clinton and donald trump have lobbed insults at each other from far away for months, but tonight they tried to start their highly anticipated face off on a genteel note, although the mutual contempt was just below the surface. when clinton walked out in a red pantsuit and trump in a blue tie -- the opponents’ trading traditional party colors -- the two shook hands and clinton said, “how are you, donald?” perhaps trying to throw him off at the top with a warm greeting. shortly after the debate began, trump talked about overseas trade deals, saying, “but in all fairness to secretary clinton,” before stopping himself and turning to his opponent and saying, “yes, is that ok? good. i want you to be very happy. it's very important to me.” he seemed to be referring to his addressing her as “secretary clinton,” although it wasn’t completely clear during the moment. 2. personal attacks came early clinton was first to go on the attack during tonight’s debate, taking aim at trump’s business roots by claiming he borrowed $14 million from his father to start his real estate business. “donald was very fortunate in his life and that's all to his benefit. he started his business with $14 million, borrowed from his father, and he really believes that the more you help wealthy people, the better off we'll be and that everything will work out from there. i don't buy that. i have a different experience,” clinton said, before expanding on her father’s work as a drapery maker. trump responded to that personal claim rather than addressing her subsequent remarks that he believes in “trumped up, trickle-down” economics. “for one thing, and before we start on that, my father gave me a very small loan in 1975 and i built it into a company that's worth many, many billions of dollars,” trump said. 3. trading barbs over trade voters saw the first fiery moment of the debate when the two candidates sparred over the trans-pacific partnership trade deal. trump accused clinton of supporting tpp, the proposed trade agreement between the united states and 11 other countries along the pacific rim. “and now you want to approve trans-pacific partnership. you were totally in favor of it,” trump said. clinton fired back, “well, that is just not accurate. i was against it once it was finally negotiated and the terms were laid out.” trump then pointed to clinton’s once referring to tpp as the “gold standard of trade deals.” “well, donald, i know you live in your own reality, but that is not the facts,” clinton said. clinton promoted tpp as secretary of state under president obama, who is pushing the trade deal. while speaking in australia in november 15, 2012, clinton said, ""tpp sets the gold standard in trade agreements to open free, transparent, fair trade, the kind of environment that has the rule of law and a level playing field.” clinton came out against the trade deal october of last year, saying that “what i know about it as of today i am not in favor of what i have learned about it.” 4. trump asks ‘why not’ blame all the world’s problems on clinton less than 30 minutes into the debate, trump went after clinton, attacking her on trade, isis, taxes, the economy and more. clinton quipped: ""i have a feeling by the end of this evening i'm going to be blamed for everything that's ever happened.” trump didn’t miss a beat, saying to his opponent: “why not?” clinton responded: ""why not? yeah. why not? just join the debate by saying more crazy things. now, let me say this—“ trump interjected: ""there's nothing crazy about not letting our companies bring their money back into the country,” before the moderator reminded trump, ""this is secretary clinton's two minutes, please."" drew angerer/getty images 5. trump hit over not releasing tax returns trump clashed with his democratic rival over his decision not to release his tax returns. “i don't mind releasing. i'm under a routine audit and it will be released,” he said. trump went on to tout his disclosure of a different federally mandated form required by the u.s. office of government ethics of everyone from presidential candidates to the postmaster general. trump then pivoted to attack clinton over her private email server. “i will release my tax returns against my lawyer's wishes when she releases her 33,000 e-mails that have been deleted,” he said. “i think you've just seen another example of bait and switch here. for 40 years, everyone running for president has release their tax returns,” she said. “you got to ask yourself: why won't he release his tax returns? “maybe he doesn't want the american people, all of you watching tonight, to know that he's paid nothing in federal taxes,” she said. 6. the birther issue gets on the main stage moderator lester holt asked trump “what took you so long” to acknowledge that president obama was born in the united states, bringing the republican nominee’s recent turnaround on an issue that was central to his public positions for years. at first, trump claimed that two clinton aides were the ones who initially looked into barack obama’s birth certificate during the 2008 campaign -- a claim that he has made before -- and then said that he was “satisfied” with when obama released his birth certificate. holt noted that obama released his longform birth certificate in 2011, but trump continued to raise questions about it’s authenticity until 2015. “nobody was pressing it, nobody was caring much about it,” trump said, referencing the years between the release and trump’s decision this month to acknowledge obama was born in america. “i figured you'd ask the question tonight, of course. but nobody was caring much about it. but i was the one that got him to produce the birth certificate, and i think i did a good job.” paul j. richards/afp/getty images 7. clinton defends being ‘prepared’ when trump questions her time off the trail trump was talking about crime in the inner cities when he said, “i’ve been all over the place. you decided to stay home and that's ok,” seeming to jab clinton for leaving the campaign trail in recent days to prepare for tonight’s faceoff. ""i think donald just criticized me for preparing for this debate,” clinton said. ""and, yes, i did. and you know what else i prepared for? i prepared to be president. and i think that's a good thing.” throughout the debate, clinton tried to portray trump as unprepared and unwilling to do the hard work to prepare for the presidency. she also hit back against an attack he regularly makes on the campaign trail: that she doesn't stump as much as he does because she doesn't have his endurance. 8. stop and frisk becomes a big point of discussion trump’s support of stop and frisk, a controversial tactic once heavily used by the new york police department, was discussed at length during the debate. “stop and frisk had a tremendous impact on the safety of new york city. tremendous beyond belief. so when you say it has no impact, it really did, it had a very very big impact,” trump said. trump said that the tactic was not deemed unconstitutional -- which it was -- and added instead that “it went before a judge who was a very against-police judge.” “they would have won an appeal,” he said, noting that there was no appeal. trump and clinton went on to debate various crime rates in cities like chicago and new york for nearly 10 minutes of the debate. 9. trump and the iraq war under the microscope toward the end of the debate, holt corrected trump on whether he supported the war in iraq before it started. “i did not support the war in iraq,” trump said. ""that is a mainstream media nonsense put out by her because she frankly i think the best person in her campaign is mainstream media.” holt corrected him, saying, “the record shows otherwise.” the only time trump seems to have spoken about the war publicly before it started was to howard stern in 2002 and seemed to support the invasion. stern asked trump, “are you for invading iraq?"" trump appeared to hesitate, responding, “yeah, i guess so. i wish the first time it was done correctly.” despite the attempt to correct him, trump continued to stress he was against the war, saying, “the record shows that i am right.” 10. sparring over stamina holt asked trump about when he once said that clinton does not have a “presidential look,” asking trump what he meant by that. trump pivoted to attack her “stamina.” ""she doesn't have the look, she doesn’t have the stamina,” trump said. ""i said she doesn't have the stamina. and i don't believe she does have the stamina. to be president of this country, you need tremendous stamina.” trump has been hitting clinton on her stamina and strength on the campaign trail for months, but tonight clinton tried to shut that line of attack down. ""well, as soon as he travels to 112 countries and negotiates a peace deal, a cease-fire, a release of dissidents, an opening of new opportunities and nations around the world, or even spends 11 hours testifying in front of a congressional committee, he can talk to me about stamina,” clinton said. she also attempted to remind voters of some of the more controversial things he has said about women: ""one thing lester, he tried to switch from looks to stamina,” clinton said. ""but this is a man who has called women pigs, slobs and dogs. and someone who has said pregnancy is an inconvenience to employers. who has said women don't deserve equal pay unless they do as good a job as men.”",0,0,0.5833632979938719,0.4166367020061281
there have been 30 published polls in this election cycle and harry reids been trailing in every single one.,1,0,0.6095243705422866,0.39047562945771336
the african-american community lost half of their wealth as a result of the wall street collapse.,0,0,0.749382145694302,0.2506178543056981
"says obama flip-flopped on a gas-tax ""holiday.""",1,0,0.6889647939088689,0.3110352060911311
rob cornilles supports privatizing medicare.,1,1,0.23900784088890814,0.7609921591110919
"says donald trump thinks that climate change is a hoax, invented by the chinese.",0,0,0.6843831240987357,0.31561687590126425
says jacky rosen has refused to tell us whether she supports bernie sanders or hillary clinton.,1,1,0.2917150167990594,0.7082849832009406
mark warner cast the tiebreaking vote to pass obamacare.,1,1,0.17635782190764127,0.8236421780923587
"no one in rhode island -- not just children, no one in rhode island -- should eat more than one serving of freshwater fish caught in our state each month.",0,0,0.5738348262012303,0.42616517379876967
says gov. scott walker has been rated americas most factually-challenged politician.,1,1,0.15963491719074774,0.8403650828092523
says he opposed $716 billion cut to medicare.,0,0,0.5581090342168107,0.4418909657831893
"says if congress doesnt avoid the sequester, tens of thousands of parents will have to scramble to find child care for their kids.",0,1,0.42244314162446184,0.5775568583755382
"of the 10,000 rhode island children in charter school lotteries for the fall, more than 70 percent are poor .... in addition, a majority of them are students of color.",0,0,0.7553945333214607,0.24460546667853933
"a few months into office, (president barack obama) traveled around the globe to apologize for america.",1,1,0.43715058479861046,0.5628494152013895
"the baucus health care bill would require taxes on medical devices such as x-ray machines, female condoms, hiv tests and surgical needles.",0,1,0.3953017326850159,0.6046982673149841
says only about 2 percent of gunsales in virginia are not subject to background checks.,1,0,0.7256517346771093,0.2743482653228907
illegal immigration is lower than its been in 40 years.,0,0,0.527417349725178,0.4725826502748221
"last week the texas state board of education (sboe), led by rick perrys appointee, voted to remove thomas jefferson from social studies textbook standards. thats right. thomas jefferson... was deleted from a list of historical figures who inspired political change.",0,1,0.4969761740426756,0.5030238259573244
isis didnt exist when my brother was president. al-qaida in iraq was wiped out when my brother was president.,1,1,0.4899152545702421,0.5100847454297579
ive been involved in prosecuting a terrorist member of isis.,1,1,0.24472929551784028,0.7552707044821597
"in the past three years, state legislatures have enacted more of these restrictions (on abortion) than in the previous 10 years combined.",0,0,0.5858522421105776,0.4141477578894224
says in the last five years senate republicans have placed a filibuster on every piece of legislation and every nominee.,1,0,0.6315509725892523,0.3684490274107477
"if president obama signs the copenhagen climate change treaty, he ""will sign your freedom, your democracy, and your prosperity away forever and neither you nor any subsequent government you may elect would have any power whatsoever to take it back again.""",1,1,0.2610621573884583,0.7389378426115417
on supporting right to work legislation in 2015,1,0,0.5109364844903663,0.4890635155096336
41 cents out of every dollar (the u.s. spends) is borrowed from places like china.,0,0,0.5709054384540211,0.42909456154597897
a u.s. government accountability office report says planned parenthood federation of america cannot find some $1.3 billion given to it by the federal government from 2002 through 2008.,1,1,0.40845188093260354,0.5915481190673965
says hillary clinton wants to have open borders.,1,1,0.2750564510788248,0.7249435489211752
"many state and federal agencies have such navigators involved in helping folks maneuver through the often complex processes associated with filing benefits claims, for example -- even buying health insurance.",0,0,0.6005450856908168,0.3994549143091833
"america has lost over 50,000 manufacturing factories on other trade deals.",0,0,0.6915717589805426,0.3084282410194574
says david dewhurst explicitly advocated a guest worker program for all illegal immigrants.,0,1,0.4339358534591763,0.5660641465408237
the best evidence is that you lose -- if you use marijuana as a teenager regularly -- eight iq points.,0,1,0.3996204661127345,0.6003795338872655
medicare has spent $172 million on penis pumps in the last five years at $360 a pop.,0,0,0.5884364624584362,0.4115635375415638
"at the beginning of world war ii, we had a relatively small army, smaller than portugals.",0,0,0.530551433452416,0.469448566547584
the state of rhode island has the worst state-funded pension in the country.,1,0,0.8245700373324443,0.17542996266755578
says five studies show his tax plan can cut rates and still bring the same revenue without raising taxes on the middle class.,1,1,0.43287797125375405,0.567122028746246
the house zika bill limits access to birth control services needed to help curb the spread of the virus in puerto rico.,0,1,0.4207688085307688,0.5792311914692312
"two weeks ago, a man entered the worlds busiest airport in atlanta, georgia, carrying a loaded ar-15 automatic weapon with an extended-capacity, 100-round magazine.",0,0,0.6340472786084854,0.36595272139151463
"rob portmans plan to tax, slash and privatize social security would devastate ohioans.",1,1,0.3604178764264163,0.6395821235735837
says dan patrick proposed arizona-style show-me-your-papers legislation.,0,1,0.45454970634992264,0.5454502936500774
"if you're over 65 years old in america today, you have no choice but to be in medicare. even if you want out of medicare, you have to forfeit your social security to get out of it.",0,1,0.3071534529755594,0.6928465470244406
"rhode islands voter identification law was pushed by a black democrat in the house, a black democrat in the senate. thats a fact.",0,0,0.5387651736755534,0.4612348263244466
ronald reagan did amnesty.,0,1,0.4928004246564254,0.5071995753435746
"claims that former sen. tom daschle said, ""seniors should be more accepting of the conditions that come with age instead of treating them.""",1,1,0.35642668279024026,0.6435733172097597
"after initially agreeing with republicans on an amount for zika funding, democrats derailed it.",0,0,0.5555145444247667,0.4444854555752333
says land commissioner jerry patterson threatened to shoot him.,1,1,0.30853649885205425,0.6914635011479457
fundamental changes made to the language describing the wisconsin idea in the university of wisconsin systems mission statement were the result of a drafting error.,1,1,0.4707110184920905,0.5292889815079095
"over the past decade, the big five oil companies --- bp, chevron, conocophillips, exxonmobil and shell -- made a total profit of nearly $1 trillion.",0,0,0.659342156172651,0.340657843827349
you cant pass a budget in the senate of the united states without 60 votes.,1,0,0.6266364559175954,0.37336354408240463
"says rob portman was a registered foreign agent whose client was haiti, at a time when the baby doc, duvalier, who was a despot, was killing people.",1,1,0.2700911377505514,0.7299088622494486
says josh mandel bet against ohio families,1,0,0.506175352195712,0.4938246478042881
"by the time i left the state department, economic growth was up and opium production was down in afghanistan, while infant mortality declined and school enrollment rose by more than sevenfold.",0,0,0.696971510371302,0.303028489628698
annual water usage in 2010 was actually down more than 18 percent from usage in 2006.,0,0,0.8274648336377917,0.17253516636220828
"were spending tremendous amounts of money to educate our kids. in the world, were no. 1 per pupil by a factor of four.",1,1,0.4614982508246378,0.5385017491753622
the u.s. is spending one out of every six defense department dollars on afghanistan.,0,0,0.7609058353812319,0.23909416461876803
"during my tenure as governor, wisconsins overall tax burden went down.",0,0,0.5341956131795367,0.46580438682046327
says an epa permit languished under strickland but his new epa director got it done in two days.,1,1,0.382999944865684,0.617000055134316
florida is one of only three states that require licenses for commercial interior designers.,0,0,0.705097621139235,0.29490237886076504
says state schools superintendent candidate don pridemore voted for the largest cuts to public education in our state history and for $2.3 billion in tax breaks for corporations and the wealthy.,0,0,0.6893484352535193,0.31065156474648076
says we brought crime rate down by 30 percent when he was mayor of dallas.,0,0,0.6600543482515935,0.3399456517484066
the kochs stand to make around $100 billion if the government approves the keystone xl pipeline.,1,1,0.40598974180752134,0.5940102581924787
most americans support the legalization of marijuana.,0,0,0.6145239598500826,0.38547604014991743
says bernie sanders voted for regime change with respect to libya.,0,1,0.43049488309165607,0.5695051169083439
"says adam hasner said he will never accept a pay increase, but he voted to raise his pay four times.",1,0,0.5222806364502904,0.47771936354970956
public education has been permanently cutby $1.6 billion through changes in the standards of quality funding formula.,0,0,0.6663121460297928,0.33368785397020717
"in the past 10 years, our (austin) water rates have increased by 100 percent and we now have the highest water cost of the top 10 cities in texas.",0,0,0.801373216642232,0.198626783357768
mitchell international airport is the the third busiest airport in the world and the number one busiest in the country.,1,0,0.5475568730681718,0.4524431269318282
we spend less than 2 percent more every year. that is the lowest increase in spending since they have been keeping numbers.,0,0,0.5646691444840708,0.43533085551592926
"most of the stimulus money will be spent not this year, not next year, but in 2011.",1,1,0.3705051629871541,0.6294948370128459
says hillary clinton has called for a radical 550 percent increase in syrian ... refugees . . . despite the fact that theres no way to screen these refugees in order to find out who they are or where they come from.,0,1,0.3803684094390488,0.6196315905609512
"a proposed revenue smart cap gives floridians a voice, requiring a 60 percent vote by citizens in order to impose a new tax, fee, license, fine, charge or assessment.",1,1,0.41865745022213074,0.5813425497778693
florida has the second-lowest (campaign) contribution limit in the entire country.,1,0,0.7033343999562018,0.2966656000437982
wages adjusted for inflation havent risen since the turn of the last century.,0,0,0.6082910474711483,0.39170895252885174
says dow chemical decided to build a plant in saudi arabia rather than oklahoma due to the impact of environmental regulations on the supply of natural gas.,1,1,0.446415133421012,0.553584866578988
there are polls showing right now that the american people for the most part think its a bad idea to provide tax cuts to the wealthy.,0,0,0.5039716895824978,0.49602831041750217
u.s. rep. connie mack voted to raise his own pay several times.,0,1,0.42986213907489745,0.5701378609251025
about 85 percent of hotel guests who will pay the new $5 hotel/motel fee will be from outside georgia.,0,0,0.5611882234114773,0.43881177658852266
twenty-two million jobs were created during clintons two terms but only 3 million during bushs.,0,0,0.6974272900880639,0.3025727099119361
"as a senator, hillary clinton has her name on three laws in eight years.",0,1,0.3406571298989295,0.6593428701010705
when youre white ... you dont know what its like to be poor.,1,1,0.16824081227328858,0.8317591877267114
mitt romney has 15 homes.,1,0,0.6949844164754105,0.30501558352458946
we wiped out a $3.6 billion deficit without raising taxes.,0,0,0.5683868698527106,0.4316131301472894
"despite the passage of hb2, towns, cities and counties in north carolina are still allowed to set stricter non-discrimination policies for their own employees if they choose.",0,1,0.4422896897017481,0.5577103102982519
chris koster opposed protecting the women of missouri because he was one of only four senators to vote against a bill ending the practice of making rape victims pay for their own rape kits.,0,0,0.5861305617919379,0.41386943820806205
six people in florida die as a result of (not expanding medicaid) every day.,0,0,0.5318364121033172,0.4681635878966828
a census bureau worker says he was told to skew information to bring the unemployment rate down as we headed into an election season.,1,1,0.34740510463546004,0.65259489536454
president barack obama spent $5 billion paying ukrainians to riot and dismantle their democratically elected government.,1,1,0.3930938893217538,0.6069061106782462
state lawmakers are spending taxpayer money for parking that billionaire arthur blank could build while paying some state employees so little they are on food stamps.,0,1,0.32084867328303257,0.6791513267169674
ronald reagans signature on the 1986 amnesty act gave barack obama about 15 million additional hispanic votes in 2012.,1,0,0.5717402371066036,0.42825976289339635
mccain opposed the border fence.,1,0,0.5055181460612974,0.4944818539387026
says pope francis took the name of a saint who basically reached out to muslims.,0,1,0.1719631152921065,0.8280368847078935
a new college tuition reciprocity agreement with minnesota makes college education more affordable for wisconsin residents.,1,0,0.6871160242482504,0.3128839757517497
mccain voted 19 times against a minimum-wage increase.,0,0,0.6619818889928909,0.3380181110071091
"since 2008, u.s. crude oil output has increased by over 80 percent, an increase of over 4 million barrels a day. that is the fastest increase in u.s. history.",0,0,0.7132280399989386,0.28677196000106137
"as a candidate, president obama declared that everyone deserves access to reproductive health care that includes abortion, and vowed that this 'right' would be at the heart of his health care reform plan if elected president.",0,1,0.4112948684825696,0.5887051315174304
the health care bill has six years of costs against 10 years of tax revenue.,0,1,0.2980106619751771,0.7019893380248229
"says u.s. senate candidate tommy thompson admitted that washington, d.c., changed him into an insider selling his influence to make millions from powerful special interests.",1,0,0.5925366459085004,0.40746335409149953
74 percent of republicans support the affordable care act.,1,1,0.49947043508642563,0.5005295649135744
"in france, they have a (surveillance) program a thousandfold more invasive than the united states.",0,0,0.5846898453818341,0.4153101546181659
a majority of wisconsinites opposed the government takeover of health care. but russ feingold voted for it anyway.,1,1,0.20918995640191207,0.7908100435980879
"ninety percent of the people who work in this country work for companies under 100 people, maybe even less than that.",1,0,0.7112113491553775,0.28878865084462246
on adoption by gay couples,1,1,0.35669976164939643,0.6433002383506036
the state government workforce grew when tim kaine was governor.,1,1,0.38181310040494587,0.6181868995950541
we [the city of atlanta] are overbuilt on housing.,0,0,0.692196201036114,0.30780379896388604
"says that in curry county, if you make a 911 call youre likely to wait for an hour for a response.",0,1,0.4197514878948243,0.5802485121051757
florida students take an array of standardized high stakes tests which eat up as much as 45 school days per year.,1,0,0.5195297036152119,0.4804702963847881
"women in oregon are paid 79 cents for every dollar paid to men. if the wage gap was eliminated, a working woman in oregon would have enough money for 2,877 gallons of gas, 72 more weeks of food for her family or nearly 12 more months of rent.",0,0,0.8464561998510596,0.15354380014894042
says the texas unemployment rate has even grown more than the nations as a whole.,0,0,0.6094329669565048,0.3905670330434952
we are one of the most expensive [bus] rides in new england.,0,0,0.5384921843199819,0.4615078156800181
says barack obama and hillary clinton are responsible for leading america into a deal that will arm iran.,0,1,0.1742752394182303,0.8257247605817697
surveys show that many of our citizens think we devote a full quarter or even a third of our federal budget to foreign aid.,0,0,0.6327878712603565,0.3672121287396435
the 1908 model t earned better gas mileage than a typical suv sold in 2008.,0,0,0.5094979173117569,0.4905020826882431
"unemployment for those with college educations is now 4.5 percent. unemployment for those with more than a college education, below 4 percent.",0,0,0.8062553562879425,0.19374464371205746
"since 2008, gwinnett countys population has grown 15 percent, while the county government staff has increased only 1 percent.",0,0,0.6875675662349008,0.31243243376509927
neighbors of the san bernardino shooters knew that they were talking about trying to take our country and attack it.,1,1,0.3754448047822234,0.6245551952177766
"attorney general mccollum, speaker-designate cannon, senate president-designate haridopolos and i stood up to governor crist and worked to remove jim greer as chairman because of his mismanagement of the party.",0,1,0.47794944256153515,0.5220505574384648
obamacare already has caused millions of hardworking virginians to lose their health insurance.,1,1,0.3478622852110187,0.6521377147889813
qataris dont really work.,1,1,0.43166891254822637,0.5683310874517736
milwaukees problems include 52 percent black male unemployment.,1,0,0.6388164220493178,0.3611835779506822
"romney failed to take action against ""sanctuary cities"" in massachusetts.",0,0,0.7015431603653711,0.2984568396346289
the pope and donald trump and tammy baldwin all agree on eliminating the carried-interest tax break.,0,0,0.5577443319140513,0.44225566808594874
"we had a no child left behind a similar piece of legislation in our state a number of years ago, well before the federal law. and it's had a big impact here. it's improved schools.",0,0,0.6687399427339324,0.33126005726606755
"the dog meat festival in yulin, china, threatens global public health.",1,1,0.4056791403978477,0.5943208596021523
"says bernie sanders wins california landslide, but ⅔ of his votes arent counted.",1,1,0.48476834392961377,0.5152316560703862
says businesses already pay most of the taxes.,0,1,0.4010472148404902,0.5989527851595098
"we have over 700,000 illegal immigrants in the state. theyre costing us billions of dollars and theyre taking legal residents jobs.",0,1,0.43873271043384765,0.5612672895661523
the chicago bears have had more starting quarterbacks in the last 10 years than the total number of tenured (uw) faculty fired during the last two decades.,0,0,0.6233925594955687,0.37660744050443135
"as mayor, every year i was in office i did reduce taxes.",0,0,0.5387743648468399,0.46122563515316006
thirty percent of [sheldon whitehouse campaign] money is coming from special interests.,0,1,0.4582792761154695,0.5417207238845305
says scott walker gave $6 million in tax breaks to a corporation and told them that they can keep that money even if they lay off half their workforce.,0,1,0.38663912301798153,0.6133608769820185
says john boehner admits we are not going to be any different than weve been by returning to the same failed economic policies that wrecked our economy.,1,1,0.3938110569294738,0.6061889430705262
"in the entire public school system in camden last year, only three students graduated college ready.",0,0,0.5263498476181845,0.47365015238181557
says barack obama is apparently not for vetting people and saying just anybody can come to the united states.,1,1,0.4689563363738519,0.5310436636261481
a defense bill includes language that would require military hospitals to provide abortions on demand.,1,1,0.422927245044316,0.577072754955684
jules bailey was instrumental in creating the business energy tax credit that let companies like wal-mart profit by $11 million while costing the oregon general fund $33 million.,1,0,0.5130598845262169,0.4869401154737831
"there are many studies that indicate that the longer people get unemployment insurance, it provides some disincentive to work.",0,1,0.49923267631695356,0.5007673236830464
what (the obama administration is) going to come out with in the next several months is youre not even going to be able to burn coal very limitedly in the existing plants.,1,0,0.5528994443555151,0.4471005556444849
the obama administration is unwinding our nations welfare-to-work requirements.,1,1,0.42911470414055775,0.5708852958594423
you've heard endlessly about waterboarding. it happened to three terrorists.,0,0,0.5839786551808859,0.4160213448191142
"the entirety of north america -- canada, the united states and mexico -- theres more known reserves in those three countries than in russia and saudi arabia.",1,0,0.6824257581937223,0.31757424180627775
polls on legalizing same-sex marriage are not dramatically changing.,1,0,0.5559482129997189,0.4440517870002811
"more than 12,500 service men and women have been discharged on the basis of sexual orientation since the don't ask, don't tell"" policy was implemented, at a cost of over $360 million. many of those forced out had special skills in high demand, such as translators, engineers, and pilots.""",0,1,0.4731533152740707,0.5268466847259293
the average american is working through the month of may just to pay off the government.,0,0,0.5974261902084783,0.40257380979152163
weve got more revenue than we ever have.,1,1,0.49872401416257073,0.5012759858374293
says that sherrod brown voted to cut medicare by over $500 billion in order to fund government-run health care.,1,1,0.1665358232988874,0.8334641767011126
"our county now has the fastest growing airport in america, attracting nearly 1,000 new private sector jobs.",0,0,0.7251072711105795,0.2748927288894205
louie gohmert of texas blamed the mass shooting at a movie theater in colorado on the ongoing attacks on judeo-christian beliefs.,1,1,0.4275389196203945,0.5724610803796055
"a mortgage buyback plan is ""my proposal, it's not sen. obama's proposal, it's not president bush's proposal.""",0,1,0.4357232715957585,0.5642767284042415
"after president barack obamas health care law takes full effect, 100 percent of americans will depend on some form of federal payment, some form of government benefit to help provide for them.",1,1,0.33799432686584363,0.6620056731341564
"in april 2009 the democrats were in control, and the congressional (approval) rating was 40 percent.",0,0,0.6722022954649864,0.3277977045350136
"says his promise of 250,000 new private sector jobs was a big goal.",0,0,0.5309773280985641,0.4690226719014358
with recent growth it is very clear that private-sector jobs have been doing fine.,1,1,0.4995375189741478,0.5004624810258522
"says president barack obama has amended, delayed, or repealed 19 components of his very own (health care) law.",0,1,0.11619817357181206,0.8838018264281879
the oceans have become 30 percent more acidic.,0,0,0.576201140416519,0.423798859583481
the air force wants taxpayers to fund a fantasy football league.,1,0,0.5204981700888922,0.47950182991110774
"in this judicial race, special interest groups have demanded money from me, in exchange for endorsement and support.",1,1,0.42240616048193547,0.5775938395180645
"we balanced the budget with the 1997 balanced budget act, and ultimately had four consecutive balanced budgets.",0,0,0.5047800787617083,0.49521992123829167
says u.s. senate opponent tommy thompson favors raising taxes on small businesses.,1,0,0.6259292856778781,0.3740707143221219
"says new jersey is down nearly 200,000 jobs from its pre-recession peak and with gov. chris christie new jersey has trailed the rest of america when it comes to unemployment for 12 consecutive months.",0,0,0.6542180044036038,0.3457819955963962
the obama administration has put out more of these major rules than the clinton administration or the bush administration during comparable times.,0,0,0.5783621404005206,0.42163785959947936
says paul workman authored legislation providing amnesty for illegal immigrants.,0,0,0.5234402422464826,0.4765597577535175
"gov. scott walker (is) more than halfway to (his) 250,000 jobs goal.",1,1,0.15738109668348266,0.8426189033165173
"(dennis) richardson wants to make drastic cuts to services we depend on: schools, home care for seniors, even public safety -- all so richardson can keep more than $440 million in unspent funds for his political priorities.",1,0,0.5189071296899375,0.4810928703100626
says virginia is the biggest state that does not have a major league sports team.,0,0,0.5292825231611954,0.4707174768388046
barack obama has written and co-sponsored more bills in three years than hillary clinton has in seven.,1,1,0.30909386998054733,0.6909061300194527
there are more pain clinics in broward county than there are mcdonalds in broward county.,0,1,0.4506519765223017,0.5493480234776983
vows to keep georgias race for governor civil and focused on the positive.,1,0,0.6971579363699499,0.30284206363005006
"if you want to talk firsts for bush, this was the first time in american history that a president took us into a war and cut taxes.",0,0,0.6375846147453201,0.3624153852546798
"in texas, schools do not even have to teach sex education.",0,1,0.24594856253694974,0.7540514374630503
some of the men serving in the (afghan) armed forces have never driven a vehicle before.,0,1,0.40120986965399574,0.5987901303460043
"atlanta mayor kasim reed became a city resident in the last annexation, opening the door to his candidacy.",0,1,0.45410528327450383,0.5458947167254962
"donald trump and hillary clinton and bernie sanders have the identical position on health care, which is they want to put the government in charge of you and your doctor.",1,1,0.29266889604340995,0.70733110395659
mike huckabee raised taxes on dog groomers!,0,0,0.6597725614466234,0.3402274385533766
"let's pay attention to kids who are not going to college, which ends up being about 60 percent of the kids... and get them trained for the jobs that are there. because, you know, there are auto mechanic jobs paying $50,000, $60,000 that they can't get filled. there are airline mechanic jobs paying a lot of money that can't get filled. remarks at afscme forum 6/19/2007",0,0,0.7867951902307508,0.21320480976924922
on his definition of takers and makers,1,1,0.46759464159237485,0.5324053584076252
eighty-three law enforcement officers have died in the line of duty this year. twenty-four of them were shot and killed in cold blood.,0,1,0.4612006508746952,0.5387993491253048
liberals have figured out a facebook algorithm and all the people getting banned from facebook are somehow conservatives.,1,1,0.28314886850999554,0.7168511314900045
eight million americans have dropped out of the work force since (barack) obama became president. ... the real unemployment rate is 19 percent.,1,0,0.5617935857097067,0.43820641429029333
the debt is nearly $6 trillion more than when president obama was sworn into office.,1,0,0.6627503954002976,0.33724960459970243
"senate health care legislation will ""levy a new 'abortion premium' fee on americans in the government-run plan.""",1,1,0.2689840198562914,0.7310159801437086
"says russ feingold got paid $8,000 a lecture at stanford university.",1,0,0.5460500145843415,0.45394998541565845
most of the newspapers that endorsed alex sink also endorsed barack obama.,0,1,0.24474743233060636,0.7552525676693936
on a cap-and-trade plan.,1,1,0.281475293056047,0.718524706943953
says women care most about jobs and the economy,0,1,0.2241540312055933,0.7758459687944067
the current debate over authorizing military action against the islamic state would be the first time congress would place limits on the commander-in-chiefs ability to be commander-in-chief.,1,1,0.49883987418969034,0.5011601258103097
"so far, the recovery act is responsible for the jobs of about 2 million americans who would otherwise be unemployed. ... [and] the recovery act is on track to save or create another 1.5 million jobs in 2010.",0,0,0.7238106215760722,0.27618937842392777
says bernie sanders wants higher standards for toy guns than real guns.,0,1,0.4670691815653577,0.5329308184346423
president obama went around the world and apologized for america.,1,1,0.2487588459207405,0.7512411540792595
pennsylvania has lost 35 percent of its manufacturing jobs since 2001 and harrisburg has lost 40 percent of its manufacturing jobs since 2001.,0,0,0.8503107813114725,0.14968921868852747
"while act 10 allowed (milwaukee county) to save some money, it was millions short of what we needed to fill the hole left by the $28 million cut in state aid.",0,0,0.6646532174429177,0.3353467825570823
"a law was passed, apparently in the clinton administration, about whether, in recruiting offices marines or other military should be able to have guns. apparently it is prohibited.",1,0,0.5320445767462259,0.4679554232537741
the presence of gorillas calls into question the concept of evolution.,1,0,0.612194191419888,0.38780580858011204
i havent really proposed (phasing out aid to israel) in the past.,1,0,0.5686867408196652,0.43131325918033475
wisconsin ranks 48th out of all 50 states in venture capital investment.,1,0,0.681462080292804,0.3185379197071961
there is a republican plan to end medicare.,1,1,0.23863757224828797,0.761362427751712
"of all the illegals in america, more than half come through arizona.",1,1,0.3947473033082025,0.6052526966917975
"in the past six years alone, changes to the pension formula have saved over half a billion dollars.",1,0,0.7542538736920135,0.24574612630798648
"barack obama's health care plan ""would leave 15-million americans out.""",0,0,0.5505335756765939,0.44946642432340617
"since the affordable care act passed, 90 percent of job growth has been in full-time positions.",0,0,0.5841610742662889,0.41583892573371106
the governors budget proposal reduces the state austerity cut to education to under $500 million for 2016.,0,0,0.7229672971627641,0.27703270283723597
"says in washington, d.c., sen. richard burr took millions from special interests, went there and cashed in, voted to cut (his) own taxes and raise taxes on working folks.",0,1,0.4261051713261146,0.5738948286738854
i unsealed my records at marquette university.,1,0,0.5688124608506044,0.4311875391493955
under the obama economy ... utility bills are higher.,0,1,0.4709499244619956,0.5290500755380044
says the central ohio human trafficking task force is the first task force of its kind in central ohio,0,0,0.6460552817859585,0.3539447182140415
on the success of cash for clunkers,1,1,0.33091467901710836,0.6690853209828916
"says opponent bill flores helped run a company that laid off over 3,000 workers and paid off executives with millions.",1,0,0.6496090626508447,0.3503909373491553
epa wants to regulate the family bbq.,1,1,0.39998616734480097,0.600013832655199
"hillary clinton ""agreed with (john mccain) on voting for the war in iraq.""",0,1,0.3473010339673772,0.6526989660326228
the tax cut deal is giving $700 billion to millionaires and billionaires.,1,0,0.5778030347066829,0.422196965293317
"says a gun bill before the senate would make it a federal felony to leave town for more than seven days, and leave someone else at home with your firearms.",0,0,0.600375633026456,0.3996243669735439
"story highlights a protester pied sacramento's mayor in the face at a charity event wednesday the two scuffled afterward, and the protester was taken to a hospital for stitches (cnn) kevin johnson -- the nba star-turned-sacramento mayor -- was pied in the face by a man at a charity dinner wednesday night at the high school he once attended. but the pie-thrower appeared to get the worst of it. sean thompson, 32, approached the mayor, pulled a pie out of the bag and shoving it in his face -- setting off a short scuffle, in which johnson punched thompson in the face several times, according to witnesses descriptions of the scuffle in local media reports ""there was an altercation that occurred after he got the pie in the face,"" sgt. bryce heinlein, a sacramento police spokesman, told cnn. ""there were some punches thrown, and then the subject was quickly taken to the ground by one of the officers that is on the mayor's security detail"" and some event attendees, heinlein said. read more",0,0,0.5396433483952837,0.4603566516047163
says mitt romney flip-flopped on an assault weapons ban.,0,0,0.802431359354829,0.197568640645171
fact: the special assistant in @johnkasichs office makes over three times more than an average #oh firefighter,0,0,0.6706656015818089,0.3293343984181911
the tax policies of george w. bush created a dynamic effect of high growth.,1,1,0.49641921902830655,0.5035807809716935
"(chris christie) has not paid one dollar of state money into our pension system, and then states that the system is broke.",0,0,0.6664495573964493,0.3335504426035507
"weve had examples like in yuma county, where weve been able to stop 97 percent of the illegal (immigration) flow, and those programs, they abolish.",1,0,0.5232597411895858,0.4767402588104141
the united states is behind many countries in europe in terms of the ability of every kid in america to get ahead.,0,0,0.6629457718203671,0.33705422817963293
"with this reform, every insured american gets valuable consumer protections, and every uninsured american can become insured.",0,0,0.609762313283274,0.390237686716726
"ohio is losing over 700 family farms a year, some of them just to pay the inheritance tax.",0,0,0.6441970088198153,0.35580299118018466
says the texas house has a record number of new members joining our ranks.,0,0,0.6556175751883377,0.3443824248116623
"now, i also support the bush tax cuts. sen. mccain voted against them originally. he now believes they should be made permanent. i'm glad he agrees they should be made permanent.",0,0,0.578695980275161,0.42130401972483894
says u.s. rep. steve southerland voted himself health care for life.,1,1,0.14013840359819207,0.8598615964018079
"says hillary clinton told her daughter and a government official that benghazi was a terrorist attack, and then tells everybody else that it was a video.",1,1,0.2133869403491141,0.7866130596508859
"the democrat majority in the senate has failed to submit [a] budget in the past 1,000 days.",1,0,0.6950867623452595,0.3049132376547406
"says when an interviewer asked donald trump if he treats women with respect, trump replied, i cant say that.",1,1,0.46254196343437015,0.5374580365656298
"barack obama has ""pledged to reduce the size of the military.""",1,0,0.553279555388578,0.446720444611422
u.s. sen. bill nelson was the deciding vote for the health care law.,1,1,0.15633599178287927,0.8436640082171207
our community (tampa bay) is one of the 10 most threatened by the sea level rise in the world.,0,0,0.6685865679067355,0.33141343209326446
"from 1980 to 1990, the top 1 percent saw their income go up by roughly 80 percent while the median wage in the country over (the same) 10 years went up 3 percent.",0,0,0.7822292223400661,0.21777077765993394
"instead of fighting isis, (the saudis) have focused more on a campaign to oust iran-backed houthi rebels in yemen.",0,1,0.2995481480202147,0.7004518519797853
most ags dont go to court..,0,1,0.4153286064077024,0.5846713935922976
says a 1915 referendum on womens right to vote went down in new jersey. and it took the legislature to pass it.,0,1,0.374405563606652,0.625594436393348
president obama in november of last year wiped away (a program) that allows for shared fingerprinting for those who are behind bars so you know who is here legally and illegally.,0,1,0.26025532561705356,0.7397446743829464
the states that actually have lots of teachers in teacher unions tend to be the states that have done the best in terms of academic success in this country.,0,0,0.7160705219680426,0.2839294780319574
monarch butterflies are becoming extinct because of increased use of crops genetically modified to withstand pesticides.,0,1,0.4865866867923955,0.5134133132076045
attorney general eric holders own justice department precleared the voting changes in the 2011 law about early voting in florida.,0,0,0.5928235881123589,0.40717641188764103
on support for gay marriage.,0,1,0.4162699427989096,0.5837300572010904
"obamacare will provide coverage for abortions, despite the presidents commitment that it would not.",0,1,0.30298583599128537,0.6970141640087146
the fiscal cliff deal increased spending.,0,0,0.6639358700520932,0.33606412994790674
"in rhode island today, 25 percent of our households either dont have a bank account at all, or they have a bank account and theyre still relying on high-cost financial services like payday loans, pawn shop check cashing and so on.",0,1,0.43283575867298907,0.5671642413270109
"despite raising taxes on the wealthy and hiking the minimum wage, minnesota is creating jobs at a record pace, unemployment is at a historic low, median income is skyrocketing, and (the) state has a billion-dollar surplus.",0,0,0.6906496336037107,0.30935036639628927
women in barack obamas white house are earning less than men.,0,1,0.17907073691056963,0.8209292630894304
uncompensated care has gone down by 30 percent just in the first few months of medicaid expansion in the states that adopted it.,0,0,0.7201252099952395,0.27987479000476045
says (clinton) called president assad a reformer. she called assad a different kind of leader.,0,0,0.5331141984194101,0.4668858015805899
"rhode island will become just the second state to mandate the vaccine and the only state to do so by regulatory fiat, without public debate, and without consideration from the elected representatives of the people.",0,0,0.6850111337973415,0.31498886620265854
"in wisconsin, only half of all the adults with serious psychological distress received mental health treatment or medication.",0,0,0.6164465879353815,0.3835534120646185
"were importing about 10 percent of our milk supply. were americas dairyland, but yet we dont have enough milk in this state to meet the demand for our cheesemakers.",0,0,0.5364238480876635,0.4635761519123365
says politifact has said he kept a campaign promise to toughen ethics rules.,0,1,0.45715605526393044,0.5428439447360696
i co-sponsored the rebuild america jobs act for transportation and infrastructure.,1,1,0.49183053024824575,0.5081694697517543
new virginia regulations on abortion clinics provide the same sanitary environment we expect of dental offices.,1,1,0.32419259564644165,0.6758074043535583
we have spent $350 million to deal with sea-level rise in the miami area and hundreds of millions of dollars to deal with coral reefs.,1,0,0.605574891358138,0.39442510864186203
seventy percent of the people in the state of new jersey want marriage equality.,1,0,0.7263007599107238,0.27369924008927615
says the new years day fiscal cliff deal reduces the deficit.,0,0,0.639902513832453,0.36009748616754694
"during his tenure as mayor, he saw houstons crime rates drop to the lowest levels in more than 25 years.",0,0,0.6221724156762805,0.3778275843237196
"unlike marijuana, medical cannabis oil cannot get you high.",0,0,0.5924212349832707,0.4075787650167293
says donald trumps position isto roll back all of the financial regulations passed after the financial crisis.,0,1,0.46866764832320085,0.5313323516767992
more than 90 percent of the guns recovered in mexico come from the united states.,0,0,0.6803232246757309,0.319676775324269
virginia is the number one state per capita in screening out people with mental illness from gun purchases.,0,0,0.6039715940417634,0.3960284059582366
"says her congressional district has 10,000 medical-device industry jobs and 1,000 will be lost because of health-care law tax.",1,1,0.45117636311571874,0.5488236368842813
there are no similar clips of newt gingrich talking about how ineffective president bush was in trying to control north korea.,1,0,0.5637625109148364,0.4362374890851636
says charlie crists campaign bashedsen. bill nelsons big-government solutions.,1,1,0.36451697674706673,0.6354830232529333
"[a]t his current rate, president obama will have added more debt to the united state of america by the end of his first term than each of the previous 43 presidents -- combined!",0,0,0.5755855555017028,0.42441444449829724
"if you look at the results of obamacare, what you see is emergency room visits are up over 50 percent.",1,0,0.5394560494671599,0.4605439505328401
"says streetcars carry more people than buses you attract more riders who dont ride transit now, and actually the operating costs are not any greater than the bus.",0,0,0.5618039084708952,0.4381960915291048
"lizbeth benacquisto broke election law 105 times, hiding special interest contributors.",0,1,0.45235315644641294,0.5476468435535871
"says state rep. patrick rose votes 90 percent with liberals, backed the states largest tax increase, proposed nearly $15 billion in government spending and supported obama-style government-run health care system for texas.",1,1,0.3607725602320051,0.6392274397679949
"i have cut taxes 63 times, including a 2006 property tax reduction that ranks as the largest in state history.",1,0,0.787870284002869,0.21212971599713104
90 percent of fires in arizona are human-caused.,0,1,0.4806020674023709,0.5193979325976291
"in 2001, former federal reserve chairman alan greenspan ""justified increasing spending and cutting taxes, saying that we didn't really need to pay down the debt.""",1,0,0.5751027065720509,0.42489729342794913
mequon and milwaukee have the highest disparity of income in the country.,1,0,0.7121514634268195,0.28784853657318055
says his executive order requiring young girls to be vaccinated against hpv wasnt mandatory.,1,0,0.5061299105303126,0.49387008946968736
saysdonald trump called pregnant employees an inconvenience.,0,0,0.5218319081189697,0.47816809188103027
91% of suspected terrorists who attempted to buy guns in america walked away with the weapon they wanted.,0,1,0.4402324326014828,0.5597675673985172
says the nike bill is not a tax break ... this does not lower the taxes that nike will pay nor does it prevent the legislature from raising those taxes in the future.,0,0,0.7062315553054055,0.29376844469459445
deepwaters own testimony . . . is they said theyll create six jobs.,0,1,0.32464418808757145,0.6753558119124285
hair stylists are required to undergo more government scrutiny than foreclosure consultants.,0,1,0.40586772903938306,0.5941322709606169
says dick cheney de-baathisized the iraqi government and created isis.,1,1,0.28306074085775446,0.7169392591422455
"it took us four years to balance the budget. then i gave you four surplus budgets for the first time in more than 70 years, paid $600 billion down on the national debt.",0,1,0.49825931178834226,0.5017406882116577
"no city in the state, no state in this nation, for that matter the entire world, has adopted (clean energy) targets more ambitious in scale.",0,0,0.6112671394442657,0.38873286055573425
says there are more federal dollars in gov. john kasichs budget plan than in the previous state budget.,1,0,0.555947334151047,0.444052665848953
"doctors, nurses, hospitals, even the pharmaceutical industry, (and) aarp say that health reform makes sense to do.",0,1,0.22558969184756927,0.7744103081524307
"iowa has the fourth fastest-growing personal income in the united states, while nationally, the real wage has decreased over the past eight years that congressman (bruce) braley has been there by 2.7 percent.",1,0,0.7133550856647315,0.28664491433526856
"obama ""shunned the opportunity to talk to soldiers to thank them for their service.""",1,1,0.4115476541559423,0.5884523458440577
even our nuclear arsenal doesnt work. it came out recently they have equipment that is 30 years old. they dont know if it worked.,1,1,0.20439617005503474,0.7956038299449653
"says apple ceo steve jobs told president obama that the company moved factories to china because it needed 30,000 engineers.",0,1,0.46769675678607336,0.5323032432139266
ive never supported a payroll tax.,1,0,0.5153212423554283,0.48467875764457174
half of children struck by cars near schools are hit by parents driving children to school.,1,0,0.5980848378976071,0.40191516210239286
says scott brown voted to give oil companies big tax breaks.,0,0,0.6085423981091034,0.3914576018908967
cory gardner is sponsoring a bill to ban all abortions right now.,0,1,0.497512782005451,0.502487217994549
"in 1952, the corporate income tax accounted for 33 percent of all federal tax revenue. today, despite record-breaking profits, corporate taxes bring in less than 9 percent.",0,0,0.6470695705859679,0.352930429414032
i helped write the affordable care act.,1,0,0.5447342587630422,0.4552657412369578
"we understand that this heroin is primarily coming from mexico, over the border.",0,1,0.4789547663079605,0.5210452336920395
"the head of the irs ordered 24,000 emails erased before congress could review them, making sure the american people will never know the real truth.",1,0,0.5064467639854305,0.49355323601456946
"under a wisconsin bill, minor offenses such as violating pet leash laws, seat belt laws, parking infractions, etc., would now be arrestable offenses.",0,1,0.1429935629204382,0.8570064370795618
"it took obama six months to pick out a family dog, but he's cramming health care reform down the country's throat in a fraction of that time.",1,0,0.5584840903309707,0.4415159096690293
says deborah ross supports the iran nuclear deal and the ransom it paid for hostages.,0,1,0.3820841384458319,0.6179158615541681
obama signs bill forgiving all student loan debt.,1,1,0.46528560894387794,0.5347143910561221
far more children died last year drowning in their bathtubs than were killed accidentally by guns.,1,1,0.4092964630646557,0.5907035369353443
six thousand people have sought addiction treatment through expanded medicaid.,1,1,0.4893890933826639,0.5106109066173361
the social security trust fund is already facing imminent bankruptcy.,1,1,0.4039206112717634,0.5960793887282366
"says rep. bruce braley, d-iowa, skipped an important va reform hearing to attend three fundraisers.",1,1,0.3277072853332863,0.6722927146667137
"one out of every four students fails to earn a high school diploma. in our major cities across america, half of our kids dont graduate.",0,0,0.6631490761905117,0.3368509238094883
"says the federal government could save $175,587 by eliminating a study of the connection between cocaine and risky sex habits of the japanese quail.",0,0,0.500276574570466,0.4997234254295339
savannah is home to the fastest-growing port in the nation.,0,0,0.6287564459250724,0.3712435540749276
"one thousand people a day are moving to texas, which means there will be 15 million more people over the next 25 years.",0,0,0.7664069122681465,0.23359308773185344
says only four texas legislators voted against a law giving in-state tuition rates to certain illegal immigrants.,0,1,0.3729966260005694,0.6270033739994306
"the departments of commerce, education and energy and the epa saw their spending increase by between 130 percent and 219 percent between 2008 and 2010.",1,0,0.6516600481757073,0.3483399518242927
"chile ranks third internationally in economic freedom, while the u.s. ranks 17th.",1,0,0.7017415602355288,0.29825843976447125
were borrowing 20% of (the federal) budget.,0,0,0.6607905584006295,0.33920944159937055
"with the resources it takes to execute just over three months of the iraq war, we could fully fund the expansion of health care for needy children that bush vetoed.",0,0,0.6411113396292412,0.3588886603707589
ohio ranks 46th in the country in putting dollars in the classroom.,0,0,0.842618743337806,0.15738125666219405
i don't think that rudy or fred or john mccain support the marriage amendment.,0,0,0.6394913708637064,0.36050862913629356
"when he was asked a few years ago whether he could see himself lifting the cap on the payroll tax, (mccain) said, 'i could.' but today he's attacking me for holding the very same position.",0,0,0.6594875272115994,0.3405124727884005
"members of congress ""have not reduced their salaries ... since the great depression,"" meaning they've gone ""eight decades without a pay cut.""",0,0,0.725288503962879,0.274711496037121
"the reality is, with a $2 trillion-a-year health care budget, we're spending more on health care, nearly 17 percent of our gross domestic product, versus 3.8 percent of gdp on the entire military budget.",1,0,0.7125371096643671,0.2874628903356328
"in the fall of 2009, only 21 percent of texas high school graduates enrolled in a four-year public university.",0,0,0.7645525935552642,0.23544740644473586
the countrys bankrupt.,1,0,0.541165171044869,0.45883482895513095
says gop congressional candidate scott jones wants to build a wall. he wants to round people up and deport folks.,0,0,0.5065078270780533,0.4934921729219467
"just like the u.s. chamber of commerce, the afl-cio receives dues from foreign entities associated with it.",0,0,0.5136979191692311,0.48630208083076887
"when news broke that ferguson 18-year-old michael brown was a suspect in a robbery, msnbc practically went off the air for a while to have behind-closed-doors meetings to figure out how to deal with this new revelation.",1,1,0.33364036801566277,0.6663596319843372
"after a federal inquiry corroborated hillary clinton on whitewater, the next day, there was nothing in the media about it.",0,1,0.4436166235009604,0.5563833764990396
there is a growing body of evidence that radiation in excess of what the government says are the minimum amounts you should be exposed to are actually good for you and reduce cases of cancer.,1,1,0.3005913308086967,0.6994086691913033
there was serious voter fraud in california.,1,1,0.40589715032146656,0.5941028496785334
up to 80 percent of small businesses will be forced to give up their current plans due to new obamacare regulations.,0,1,0.36715672358640306,0.632843276413597
our welfare system now consumes 42 percent of our budget.,0,1,0.4902120457493455,0.5097879542506545
says republican-approved changes to make it more difficult to participate in ohio elections include reducing in-person early voting from 35 days to six.,0,0,0.5925354649544251,0.4074645350455749
"the dolphins stadium renovation will create more than 4,000 new local jobs.",0,0,0.5565531549845244,0.44344684501547554
u.s. reps. john barrow and sanford bishop and their fellow democrats went on a spending spree and now their credit card is maxed out.,1,1,0.21299676656996525,0.7870032334300348
"requiring photo id would keep about 200,000 missourians from voting.",0,0,0.5962626071091164,0.4037373928908836
the nation as a whole has created jobs at a rate that is two times the rate that we have created jobs here in wisconsin under gov. walker.,0,0,0.5374256091441427,0.46257439085585733
"trade deals are negotiated in secret and, unlike corporate interests,politicians never invite the leaders of the afl-cio or steelworkers or the mine workers to come in and sit down in these meetings.",0,1,0.42662365120079837,0.5733763487992016
"since john f. kennedy was assassinated in 1963, more americans have died by gunfire within our own country than american servicemen and women who were killed in all our wars.",0,0,0.6675560499063393,0.3324439500936606
"the proudest accomplishment (of my tenure) was leaving the state with a $1.2 billion surplus, which was the largest wed ever had, and getting spending under control and a balanced budget.",0,1,0.4903838081988846,0.5096161918011154
"in 45 out of 50 states, on average men are seeing their premiums double, going up 99 percent. women up 62 percent.",1,0,0.8415605094448263,0.15843949055517373
says 18 states and the district of columbia have voted democratic in six consecutive presidential elections.,0,1,0.35860679500884773,0.6413932049911523
says president barack obama himself has granted waivers allowing into the united states refugees who provided material support to terrorists.,1,1,0.22882590294281302,0.771174097057187
were the only advanced democracy in the world that makes it harder for people to vote.,0,0,0.5157800650335865,0.48421993496641347
the united states is 65th out of 142 nations and other territories on equal pay.,0,0,0.5009331265388801,0.49906687346111983
barack obama ended up getting re-elected by the largest gender gap in the history of american elections.,0,0,0.6175030423384353,0.38249695766156466
"janice hahn hired hard-core gang members with taxpayer money to be gang-intervention specialists. she even helped them get out of jail, so they could rape and kill again.",1,1,0.3997133899534667,0.6002866100465333
says tanking rick perrys federal tax plan has huge tax cuts for rich people and big tax hikes for everyone else.,1,1,0.3860190138530233,0.6139809861469767
rhode island charter schools are nationally recognized as outperforming their counterparts across the country.,0,0,0.7468758587404556,0.25312414125954436
sharron angle voted to protect sex offenders.,0,1,0.22031674833295167,0.7796832516670483
we have more people working in the state of new jersey today than weve ever had in our history.,1,0,0.7292127998801512,0.27078720011984886
the new health care law crushes small businesses with billions in penalties.,1,1,0.16413511663762304,0.835864883362377
"a little-known unit of the department of justice, the community relations service, was deployed to sanford, fl, following the trayvon martin shooting to help organize and manage rallies and protests against george zimmerman.",1,1,0.4531594396537254,0.5468405603462746
"when mitt romney was governor, massachusetts ranked 47th out of 50 states in job creation.",0,0,0.8307253971780124,0.16927460282198756
if you are a federally licensed gun dealer and your license is revoked because youve engaged in misconduct ... your entire inventory under prevailing law is deemed your personal collection. you then can sell it free from any background checks.,0,0,0.7214057431254088,0.2785942568745911
"you dont see norway losing population, and its taxes are astronomical.",0,1,0.4879529362118694,0.5120470637881306
"we were one of the first states in the u.s. to build sewers, to bring the treatment plant on line.",0,1,0.3497742338665625,0.6502257661334375
women make 77 cents for every dollar a man earns.,0,0,0.603413712808063,0.396586287191937
"5.2k shares facebook twitter president obama has always been a far left borderline socialist progressive liberal. their is no denying that. why else would he push such ridiculous polices such as the affordable care act, gun control, and an ever increasing acceptance number of refugees. well apparently he has not changed his tune. because president obama appeared at his final united nations general assembly meeting to give his final speech as a sitting president. while there he said some absolutely ridiculous things about american freedom that will have most americans absolutely flabbergasted at. during his speech he effectively advocated for a one world order style of international governance and international law and order. maintaining that the united states would likely have to be willing to give up some freedoms in order to attain that outcome. he went on to argue that global security can only be atrained through the help of international insutitions, such as the united nations for example. obama said that the only freedom we should not have to sacrifice is the freedom to defend ourselves. but apparently he noted everything else is basically up for grabs. he even admitted that amerifans criticize him for this mentality but insisted he remains firm in the belief he is right. i hope he’s enjoying that gilligan’s island by himself. how ridiculous! he knows his constituents do not agree with him but he is so pompous and arrogant and stringent in his belief of his righteousness he is completely unwilling to bend and compromise. that perfectly depicts the divisiveness that encompasses washington d.c. right now. if the leader of our country cannot broach the middle of the road why on earth would he expect other representatives to do so. it’s like parents who tell their kids to do one thing and then literally do exactly what they told their kids not to do. then they wonder why they misbehave. watch president obama’s full speech here,",1,1,0.21095113230799512,0.7890488676920049
"4.4k shares facebook twitter i…can’t…even. this is absolute madness and as hard as i’m trying to process this nonsense in my head, i just can’t wrap my brain around it. i have no doubt that things are about to get really messy. i cannot say that i don’t understand the judge after reading the report. there are some black americans that have a legit fear of police officers and their first instinct is to run. it’s just… is this really the only way to remedy that? there are two sides to this coin, and the judge is only reviewing one of them. it’s going to blow up in his face. in massachusetts, a judge just ruled a special law into play for black males. this ruling came from supreme court, therefore… it stands as is without appeal. the problem is, are the citizens of ma now in more danger because of it? you be the judge of that. the job of a police officer is a whole other level of “all things dangerous” then any civilian could ever imagine. they are not shoes that just anyone can put themselves in and understand the burden they have to carry in their position. it’s not possible. you can only live that life, to understand that life. that fact, just makes the brutal attack on them, even more unfair. as if their job wasn’t already hard enough in obama’s america, now a judge has granted an advantage to the people of massachusetts. if they feel that they are being “disproportionately” targeted, they can run. yes, run from the police officer, who now can do nothing about it. to add to that, the fact that they ran, cannot be used against them in court either. up until now, if someone took off and ran at the scene of a crime, that’s “reasonable suspicion” and used as reason for a police officer to detain the individual at least for a short period of time to investigate. now, it’s not important to get evidence when it’s fresh, because it could hurt a thug’s feelings. basically, police who exist to protect and serve, can no longer truly protect or serve…if there’s a runner. which…let’s be real, what thug doesn’t run? punchline: the law abiding ones! i’m so funny. you’re welcome.",1,1,0.47442794453318127,0.5255720554668187
"under sequestration, the military was cut down to the smallest army since 1940, the smallest navy since 1915.",0,1,0.4105437460799465,0.5894562539200535
"fences have not worked. the great wall of china, the berlin wall. that's not good among peoples, especially friends like the united states and mexico.",0,1,0.2632429245633541,0.7367570754366459
oregon is spending $10 million advertising obamacare with ads that dont even mention the program and how to enroll in it and that dont mention the word insurance.,1,1,0.483831212495447,0.516168787504553
"as a state senator in illinois, obama made sure women got equal pay for equal work.",0,1,0.33530958245138365,0.6646904175486164
nine million people have lower-cost hiv/aids medicine because of the work of the clinton foundation and my husband.,0,1,0.381287150691505,0.618712849308495
in malaysia many of the workers are indentured servants because their passports are taken away when they come into this country and are working in slave-like conditions.,0,1,0.4950691402041516,0.5049308597958484
only five texas counties account for almost 90 percent of the (states) cattle industry.,1,0,0.7009918340099808,0.2990081659900193
the seed of muslim is passed through the father.,1,1,0.19510086926366998,0.80489913073633
"children are crossing the border because president barack obama said if you come, youre going to be able to stay, because were not going to enforce the law.",1,1,0.33562856201575786,0.6643714379842421
says u.s. senate rival tommy thompson ran medicare into the ground and nine years closer to bankruptcy.,1,0,0.7597806685916939,0.24021933140830612
"connecticut has the fifth toughest gun control laws in the country, including an assault weapons ban that bans 35 different weapons.",0,0,0.5301962884677153,0.46980371153228473
the obama administration has even joined islamist governments in sponsoring a u.n. resolution that would shred our first amendment by threatening to make discussion of radical islamism potentially illegal.,1,1,0.24884661299205157,0.7511533870079484
republican ideas on health care dont give people an option to even enroll in something that they can afford.,0,1,0.3382409429416464,0.6617590570583536
"says 160,000 kids stay home every day because they are afraid to go to school because of bullying.",1,0,0.5711535213540054,0.42884647864599457
on expanding medicaid as part of the health care law,1,1,0.2577139846373805,0.7422860153626195
says iowa gov. terry branstad chartered a plane to remove 124 young illegal immigrants from his state and take them back to honduras.,1,1,0.46620174585034047,0.5337982541496595
"it is projected that 3.07 million people will use the train annually. keep in mind that amtraks acela train in washington d.c., boston, philadelphia, new york and baltimore only had 3.2 million riders in 2010.",0,0,0.5099212248552443,0.4900787751447557
"for the last decade, floridians salaries have shrunk substantially when adjusted for inflation.",0,0,0.5292217979050915,0.47077820209490845
"most federal employees do not have collective bargaining for benefits, nor for pay.",0,1,0.4286322474353771,0.5713677525646229
"there's more than 100,000 people working at the department of agriculture. that's 1 employee for every 30 farmers.",0,0,0.5035566708527695,0.49644332914723055
on donald trumps track record in business,1,1,0.41782810955162997,0.58217189044837
"girl scouts usas curriculum promotes margaret sanger, founder of planned parenthood, betty friedan, founder of naral prochoice, and other pro-abortion women as icons for our children to emulate.",1,1,0.30544255595121717,0.6945574440487828
"by the end of governor rick perry's term, he will have drained texas taxpayers ... of more than $360,000 to pay for the rental mansion he has been living in while the historic governor's mansion is repaired.",0,0,0.5187659295914813,0.4812340704085187
"on healthcare.gov, texan mark sullivan found a good health insurance plan that includes dental, for less than $80 a month.",1,0,0.5180812984725236,0.48191870152747646
"the democratic health care plan is a ""government takeover of our health programs.""",1,1,0.18755740000991605,0.812442599990084
i've traveled the country advocating for the fairtax ...,1,0,0.7746740911677251,0.22532590883227488
"says a liberal immigration reform group endorsed his gop primary opponent, dave brat.",1,1,0.24712851334340313,0.7528714866565969
"politician reid ribble wants to phase out social security, forcing wisconsin seniors to fend for themselves.",1,1,0.19818697276793007,0.8018130272320699
"we have lost 600,000 jobs over the period of the last 10 years. only michigan and california have done worse.",0,0,0.5910296582338315,0.4089703417661685
lindsey graham endorsed charlie crist for u.s. senate.,1,0,0.5748271738400392,0.42517282615996077
we are the most generous in new england and new england is known for its generosity toward its welfare recipients.,0,0,0.5382478103200554,0.46175218967994464
"since 1999, all virginia lottery profits have been used for public education in the commonwealth for kindergarten through 12th grade.",0,1,0.4839681123168329,0.5160318876831671
unemployment and the housing and auto industry crises can be fixed by giving a million dollars to every worker over age 50 to retire.,1,0,0.710448447810002,0.28955155218999795
medicaid is the primary source of health insurance for 41.7 percent of hispanic children in georgia.,0,0,0.6693417075353113,0.3306582924646887
60 percent of people on food assistance are working.,0,0,0.6732459267632367,0.32675407323676325
there are currently delays of up to six months in the processing of dna evidence at the state run crime lab.,0,0,0.6435872092228654,0.3564127907771346
mercedes said high taxes and the cost of doing business in new jersey worked to georgias advantage in landing the companys usa corporate headquarters.,0,0,0.6572886433295457,0.3427113566704543
"when sacs came back to the dekalb county school district to give a midterm review, we got straight as.",1,0,0.6353875621799381,0.3646124378200619
"says under mayor cory booker, newark has seen violent crime up five years in a row, murder up five years in a row.",0,0,0.5674600502669465,0.4325399497330535
the nine-day deer hunt contributes more than $1.3 billion in revenue to the state of wisconsin.,0,1,0.43957359345104074,0.5604264065489593
"fifteen years ago, the assets of the six largest banks in this country totaled 17 percent of gdp ... the assets of the six largest banks in the united states today total 63 percent of gdp.",0,0,0.8042022069970078,0.19579779300299216
the united states already has the highest corporate tax rate in the world.,0,0,0.7951296985759388,0.2048703014240612
austin mayoral candidate steve adler has never been active in anything that has to do with city hall.,1,1,0.4360691249057108,0.5639308750942892
says donald trumps only economic agenda is imposing massive taxes on the american people with a 40 percent tax hike of a giant tariff.,0,0,0.6330843065772427,0.36691569342275726
aarp is endorsing the health care reform bill.,1,1,0.3609227149951152,0.6390772850048848
the federal government owns tens of thousands of properties that are vacant or underused.,0,0,0.5022432642869012,0.49775673571309875
says carbon monoxide is still employed to euthanize dogs and cats in 29 texas animal shelters.,0,1,0.3897687723485661,0.6102312276514339
"6.6k shares facebook twitter german chancellor angela merkel finally admitted to the press that if she could go back in time to change her stance on her open migrant policy she would. she is also admitting she is willing to consider a new policy direction. merkel told the media at a press conference, “if i knew what change in refugee policy the people in germany want, i would be prepared to consider it.” these comments came shortly after the defeat of the christian democratic union in berlin’s sunday elections. she also said, “if i could, i would go back in time to be better prepared for the refugee crisis in 2015, for which we were rather unprepared.” she took responsibility for the poor election results after finding out the results of the mecklenburg-vorpommern election. callying the defeat bitter and saying that she took full responsibility as the parties leader and as the countries leader. the results of the edition are considered to be as a result of the anti migrant sentiment many germans now have. as well as the rise of the anti mass migration alternative for germany known as afd. these factors have forced merkel to at least consider a change in her stance. regardless of her new admission she all but flat out dismissed the possibility that she would actually implement the change she says she deeply regrets. in other words it is all talk and no walk. she is willing to regret because it makes her look good but not enough to actually implement the change people so desperately want. however, she did say she would not embrace the critiques and criticisms of the christian social union. they have notoriously called for a cap on the migrants coming into germany each year. they specifically want to cap it at 200,000. as well, they want to prioritize christian migrants over muslims. but merkle will not budge on that. merkel stated, “if people don’t want muslim asylum-seekers purely because of their religion, that is contrary to our party principles and to germany’s. the cdu and i cannot go along with that.” christian social union party leader horst seehofer threatened to withdraw support for merkle during her 2017 campaign. specifically for not implementing the migrant cap. the campaign will be in the federal election. he said, “it is high time we find common ground to survive at the next election.” the growing anti migrant atmosphere has been a direct result of an increase in terrorism, increasing migrant crime as well as violent crime. which people automatically associate with more incoming refugees. understandably so. if it ain’t broke don’t fix it. this could perhaps be an indicator as well that she could lose in the next federal election. or at least win by an only marginal amount. serves her right considering her policies are as progressive as president obama’s and hillary clinton’s. she is no different which is why many americans too cannot stand her.",1,1,0.30594635867101283,0.6940536413289872
says gov. rick perry is by far and away the highest-paid state employee on an hourly basis.,1,1,0.3539738530680814,0.6460261469319186
i did not support the war in iraq the record shows that im right.,1,1,0.39316473096929894,0.6068352690307011
president obama has said he is going to cut veterans benefits.,0,1,0.40291997197368434,0.5970800280263157
"whether you like to admit it or not, half our general revenue goes to education.",0,1,0.4791707194042619,0.5208292805957381
says the high-speed rail project provides short-term jobs.,0,1,0.25638218102795396,0.743617818972046
"says joseph stalin said if you want to bring america down you, have to undermine three things: our spiritual life, our patriotism and our morality.",1,1,0.2962177255838747,0.7037822744161253
"obama's wife wrote a paper in college that said america was a nation founded on ""crime and hatred"" and that whites in america are ""ineradicably racist.""",1,1,0.33838948723747886,0.6616105127625211
"boston is just 60 minutes away and its offering subsidies to developers who can charge higher rent than you can get in providence while construction costs are more or less equal. as a result, the boston skyline is completely dominated by the cranes.",0,1,0.29916927265778837,0.7008307273422116
"with the tax controls we already put in place, property taxes on a typical home in december of 2014 will actually be lower than they were in december of 2010.",0,0,0.6650455667163373,0.33495443328366276
"from 1947 to 1979, family incomes for rich, middle-income and poor americans grew about the same rate. but since 1979, incomes for rich families have grown much faster.",0,0,0.8328214751861104,0.16717852481388965
says supreme court candidate joanne kloppenburgs record as a state justice department lawyer consists only of the prosecution of cases regarding regulation of docks.,1,1,0.4220751656933037,0.5779248343066963
"in muslim countries, under the sharia, there is a death penalty for blaspheming mohammad.",0,1,0.3691951882989414,0.6308048117010586
wisconsin is 38th in the country in terms of proficiency standards in student testing.,0,0,0.6901104938790583,0.3098895061209416
social security took seven years before anybody got the first check.,1,1,0.3922962937703033,0.6077037062296967
"only 42 percent of young georgians have a college certificate or degree, but soon 60 percent of jobs will require some college credential.",0,0,0.8410960506358944,0.15890394936410554
said he opposed every budget republican and democrat.,0,0,0.7519635878121798,0.2480364121878203
barack obama ... 96 percent of his votes have been solely along party line.,0,1,0.49037384818963914,0.5096261518103609
"says tom barrett voted to ban 15 different kinds of guns, even a lot of common deer rifles.",1,1,0.4962175857773743,0.5037824142226257
gonzales losing campaign against me last spring was funded with more than $1 million from supporters and allies of governor bruce rauner.,1,0,0.6655985936331394,0.33440140636686055
the united states gives $8 million a day to israel and gives that country a blank check.,0,0,0.6678636256761705,0.3321363743238294
says most texas schools spend 45 out of 180 school days in mandated testing.,1,1,0.4488707076509959,0.5511292923490041
polling shows that nearly 74 percent of national rifle association members support requiring background checks for all gun sales.,0,0,0.7103973258962286,0.2896026741037714
"after my first year as governor, i was one of the most unpopular governors, maybe the most unpopular governor in the country. ... it changed.",0,0,0.5882666501531517,0.41173334984684823
our campaign depends on small donations for the majority of our support.,1,1,0.4938502247844041,0.5061497752155959
the debt comes up all the time in town meetings ... but its never asked in the debates. its really weird. it hasnt been brought up.,1,0,0.5916763341032416,0.40832366589675834
hidden in the healthcare.gov code is language that means users waive any reasonable right to privacy of your personal information.,1,1,0.4313380313000661,0.5686619686999339
"a report just came out that if we continue with president obamas policies, were looking at over 9 percent unemployment next year in the fourth quarter.",1,0,0.517444748440985,0.48255525155901496
says george lemieux was one of two republicans who voted for president barack obamas jobs bill.,0,1,0.23039006828559971,0.7696099317144003
children who witness domestic violence are twice as likely to commit it themselves.,0,0,0.610226535104631,0.38977346489536907
i did not say that i would not have them [muslims] in my cabinet.,1,1,0.15493316004411617,0.8450668399558838
an amendment inserted by lawmakers into the state budget exempts scientific researchers from all state animal cruelty laws.,0,1,0.4563573565146073,0.5436426434853927
"says in chicago, we take more guns off the streets than new york or l.a.",0,1,0.42667206313315353,0.5733279368668465
"the u.s. has 5 percent of the worlds population, 25 percent of the worlds known prison population.",0,0,0.634860545991626,0.365139454008374
says drug cartels are using social media to offer rebates so more children from central america get smuggled to the united states.,1,1,0.419807230286374,0.580192769713626
kasim reed has kept every promise he made as a candidate.,0,0,0.6459519417028494,0.35404805829715064
says marco rubio has a 98 percent voting record with the koch brothers.,0,0,0.6660495871129037,0.3339504128870962
heres something that people never talk about with coach schiano: rutgers had the best graduation rate of any division i football program in america.,1,0,0.5929800617725982,0.40701993822740185
"obama ... gave almost a million dollars to the (kenya) opposition campaign who just happened to be his cousin, raila odinga.",1,1,0.453898047434238,0.546101952565762
"13 percent of americans, the lowest ever, are without health care.",0,0,0.6711184095602825,0.3288815904397175
south carolina has the fastest-growing economy in the southeast.,0,0,0.6239618802886401,0.3760381197113599
"the affordable care act is a major reason why weve seen 50,000 fewer preventable patient deaths in hospitals.",0,1,0.4792205847073405,0.5207794152926595
"i remember one of [curt schillings] teammates said he painted his sock, the bloody sock.",1,1,0.428492784206013,0.571507215793987
says cathy jordan was arrested and dragged out of her home by a swat team of hooligans for using medical marijuana.,1,1,0.3021753686039118,0.6978246313960882
our unemployment rate is now lower than it was before the financial crisis.,0,0,0.6748579512316173,0.32514204876838276
"for the votes that we got, i think we spent, on average, two bucks a pop. compared to 42 bucks for incumbent milwaukee county executive chris abele.",1,0,0.5672186956900074,0.4327813043099926
"says the cbo estimates that fully extending the bush tax cuts would add 600,000-1.4 million jobs in 2011 and 900,000-2.7 million jobs in 2012.",0,0,0.7762688842404348,0.22373111575956517
"a texas law requires every high school to have a voter registrar and part of their responsibility is to make sure that when children become 18 and become eligible to vote, that they vote.",0,1,0.3803703322837263,0.6196296677162737
"the reason why cubans dont have access to 21st century telecommunications like smart phones, like access to the internet is because it is illegal in cuba.",0,1,0.3581103249677674,0.6418896750322326
the average family premium has increased by 29% under obama!,0,0,0.544937024927544,0.45506297507245597
a bill to save teacher jobs is completely paid for by closing corporate tax loopholes.,1,0,0.6242931722383844,0.3757068277616156
says union bosses bused protesters to acentral florida education protest.,1,1,0.4057942698180076,0.5942057301819924
"the keystone oil pipeline would employ 20,000 people in the united states.",1,0,0.6368718768899166,0.3631281231100834
says texas school systems lose 45 days a year on testing.,1,1,0.4891414867031879,0.5108585132968121
mccain supports tax breaks for companies that ship jobs overseas.,1,1,0.40514817095854183,0.5948518290414582
"the radiation coming from the new tsa body scanners is equivalent to about three minutes worth of air travel by anybody, say, at 30,000 feet.",0,0,0.5774160388483607,0.4225839611516393
"a study says massachusetts has lost 18,000 jobs because residents were required to obtain health insurance under an act signed into law by mitt romney.",1,0,0.8053752296876728,0.1946247703123272
"says marco rubio opposes immigration reform. worse, rubio supports donald trump. his plan would deport 800,000 children, destroying families.",0,0,0.5027558643567991,0.49724413564320097
"these are radical islamic terrorists, and (hillary clinton) wont even mention the word.",1,1,0.2494808051080727,0.7505191948919273
"the 30 percent tax rate called for under president barack obamas proposed buffett rule is lower than the prescribed tax rate for millionaires already -- not just for millionaires, for people making over $200,000.",0,0,0.701387881673021,0.2986121183269789
"this generation, on average, is starting their careers, if theyve been to a four-year college, with just under $30,000 in debt.",0,0,0.8500213130397173,0.14997868696028271
on tax breaks for businesses,0,1,0.3997252640243113,0.6002747359756887
"for decades before i was elected, governors tried and failed to get minnesota out of the top 10 highest-taxed states in the country. i actually did it.",0,0,0.7938723727655951,0.20612762723440492
we had no domestic attacks under bush.,1,0,0.6543541990765993,0.34564580092340064
"the national debt ""has gone up by $1,729,000,000 during the isner v. mahut match.""",0,0,0.770874608163781,0.22912539183621908
"charlie crist stopped layoffs of some 20,000 school teachers during the global economic meltdown.",0,0,0.6687247829206133,0.3312752170793867
health care premiums up 90 percent in new hampshire.,1,0,0.5201341897827931,0.4798658102172068
says some austin school district classrooms lack electrical outlets.,1,0,0.6181767587566784,0.3818232412433215
"when you were casting your vote for republicans, brian kemp was voting for democrats. message-machine,voting-record doug-macginnitie sandy springs city councilman georgia republican 1 1 0 0 0 a campaign commercial 789.json half-true i want to give every american a $5,000 refundable tax credit.""",1,0,0.6804848238016181,0.31951517619838193
"one international flight a day in a wide-bodied jet ... one flight daily generates $150 million a year and approximately 2,300 jobs.",0,0,0.5984145597579911,0.401585440242009
florida is now the no. 1 state in the country for automobile accident fraud.,0,0,0.5499570920400836,0.45004290795991647
states have cumulatively cut over $1.8 billion from their mental health services between 2009 and 2011. this is the largest reduction in state mental health services in half a century.,0,0,0.8790529324728862,0.12094706752711377
says craig huey called planned parenthood a murder mill.,0,1,0.43991746676985455,0.5600825332301455
attorney general candidate brad schimel is in cahoots with wisconsin right to life to make abortion a crime in wisconsin.,1,1,0.27152880564018156,0.7284711943598184
"any child born prematurely, according to the president, in his own words, can be killed.",1,0,0.6827231283076436,0.3172768716923564
"says she has bipartisan support, including 53 sheriffs throughout the state, democrats and republicans.",0,1,0.3998814049260102,0.6001185950739898
"lester holt, who anchors ""nbc nightly news,"" will be the moderatorfor the first debate. | getty everything you need to know about trump and clinton’s first 2016 presidential debate when is the first general election presidential debate? the first general election presidential debate of 2016 will be held at hofstra university in hempstead, new york on sept. 26. story continued below what time is the debate and how long is it? the debate will start at 9:00 p.m. eastern time and run for 90 minutes without commercial breaks. how can i watch the debate? it will be broadcast on all of the major television networks, as well as the websites for major cable news channels and c-span. who will participate in the debate? former secretary of state hillary clinton and celebrity real estate mogul donald trump. no other candidates qualified. who will moderate the debate? lester holt, who anchors ""nbc nightly news,"" will be the moderator. it’s his second time serving in that role in the 2016 presidential cycle. holt was also a moderator for the democratic primary debate on january 17. on february 15, 2015 holt became the substitute anchor of nbc nightly news after brian williams was suspended. four months later he became the permanent anchor. what is the format of the debate? the debate will be divided into six segments of 15 minutes each. each segment will start with a question from holt, after which each candidates will have two minutes for an initial response and then will be allowed to respond to each other. on monday, the commission on presidential debates announced the tentative topics for the debate: “america's direction,” “achieving prosperity,” and “securing america.” the topics are subject to change based on news developments, according to the commission. why aren't jill stein or gary johnson participating in the debate? libertarian party presidential nominee gary johnson and green party presidential nominee jill stein were not invited by the presidential debate commission. the commission said it would only invite candidates that averaged 15 percent in five national polls it selected. neither johnson nor stein made that threshold. what's at stake for hillary clinton? the debate is clinton’s chance to turn the page on a few weeks during which trump has eaten much of the polling lead she built following her convention. clinton’s camp has also been counting on her policy knowledge and debate experience to help her expose trump’s weaknesses, but the democratic candidate also comes in facing higher expectations than trump. what's at stake for donald trump? trump has been accused lacking policy gravitas and self-restraint, and both of those perceived weaknesses could be exposed in a debate, where candidates will be grilled on their familiarity with issues foreign and domestic and be expected to keep composed under rhetorical assault from their opponents. trump has the advantage, however, of low expectations: at several turns in the presidential campaign, even modest pivots away from his bombastic primary style were hailed as pivots to professionalism, and a similar self-restraint — provided he still hits the high notes his supporters are expected — could help him clear the low bar again. what is the most watched debate in presidential history? in 1980 the debate between president jimmy carter and republican presidential nominee ronald reagan garnered a viewership of 80.6 million people, the largest television audience for a debate since nielsen ratings began collecting viewership data in 1976. in 2012, the first general election presidential debate between president barack obama and republican presidential nominee mitt romney attracted about 70 million viewers. what's the most-watched television moment of all time? super bowl xlix in 2015 on nbc is currently the most watched television program in u.s. history, attracting 114 million viewers, according to nbc news. the new england patriots played against the seattle seahawks, winning the game 28-24. still, that pales in comparison to the estimated 600 million people worldwide who watched neil armstrong and buzz aldrin make the first moon landing on july 20, 1969, or the estimated 750 million people worldwide that watched prince charles of wales marry lady diana spencer on july 29, 1981. authors:",0,0,0.5884882254011653,0.4115117745988347
more than 3 million young adults ... have gained insurance under (the affordable care act) by staying on their familys plan.,0,0,0.6156551345150334,0.38434486548496666
pasco county schools have graduation rates substantially higher than the state average and dropout rates below the state average.,0,0,0.8135750497254552,0.1864249502745447
"thirty-seven percent of central falls retired police officers and firefighters are out on disability pensions; in most municipalities, about 5 percent of retirees collect disability pensions.",1,0,0.7878583228449939,0.21214167715500612
online voter registration is a more secure way of doing voter registration.,0,1,0.25400051411403624,0.7459994858859638
"in 1935, more than 50% of the elderly population lived in poverty. today that poverty rate stands officially at 9.4%.",0,0,0.7506039994971411,0.24939600050285896
"president obama today vetoed a bill that would allow survivors of the 9/11 attacks, along with victims' families, to sue the government of saudi arabia. “i am returning herewith without my approval s. 2040, the ‘justice against sponsors of terrorism act’ (jasta), which would, among other things, remove sovereign immunity in u.s. courts from foreign governments that are not designated state sponsors of terrorism,” obama notes in the veto message. “i have deep sympathy for the families of the victims of the terrorist attacks of september 11, 2001 (9/11), who have suffered grievously. i also have a deep appreciation of these families' desire to pursue justice and am strongly committed to assisting them in their efforts.” the veto comes at the end of a 10-day constitutional window after congress' overwhelming approval of the legislation, setting up a fight that's likely to hand the outgoing president his first veto override. suffering his first veto override so late in his second term would be significant, especially considering the president's high approval ratings relative to the rest of his presidency. by comparison, former president george w. bush was overridden twice during his two terms in office and only in his final two years when his approval rating had plummeted. the last president to make it through a full presidency without a veto override is lyndon b. johnson. if passed into law, the legislation would allow victims of terrorism to sue foreign governments for damages. obama and the white house have argued that language in the bill could potentially compromise the principle of “sovereign immunity,” and put the u.s. government and entities at risk of being sued by other countries. ""overriding the president's veto means that this country will start pursuing a less forceful approach in dealing with state sponsors of terrorism and potentially opens up u.s. service members and diplomats and even companies to spurious lawsuits in kangaroo courts around the world,"" white house press secretary josh earnest explained to reporters today. ""our concern extends not just to the impact this would have on our relationship with saudi arabia, but rather the impact that this could have on the united states' relationship with countries around the world."" but the showdown has also put the obama administration at odds politically with the wishes of countless 9/11 families who argue they haven't had their day in court against all parties responsible for the terror attacks. saudi arabia has itself spoken critically of and personally lobbied against the effort, maintaining it had no role in assisting the 9/11 terrorists. the house and senate each passed the measure by unanimous consent. a veto override requires a two-thirds vote by each chamber, and the white house says it has been working diligently behind the scenes to rally enough democrats to block the override effort. obama's former secretary of state, hillary clinton, has also indicated she would sign the legislation into law if she wins the presidential election.",0,0,0.6410349259840882,0.35896507401591177
i still live in the same working-class neighborhood i grew up in.,0,1,0.42831344995517273,0.5716865500448273
"the financial penalties imposed on gay couples can cost us more than $300,000 compared with married heterosexual couples over a lifetime.",0,0,0.5618042581203148,0.43819574187968524
"the working tax cut created over 40,000 new jobs in just the last four years.",1,0,0.6079336688713437,0.3920663311286563
republican-leaning states get more in federal dollars than they pay in taxes.,0,0,0.6361025816417111,0.3638974183582889
"says rep. charles bass supports privatizing social security, risking trillions more on wall street.",1,1,0.17033382883514558,0.8296661711648544
"says john raese said he wants 1,000 laser systems put in the sky, and we need it right now.",0,1,0.47806902744228463,0.5219309725577154
"61.3k shares facebook twitter update: buzzfeed has deemed that our description of the crime and the victims is false. we have utterly debunked buzzfeed’s claims. you can view our followup article here. ~~~ you can’t make this stuff up. people used to tell crazy stories, but have no way to prove if the story was true or not. then along came video. this is by far one of the craziest things i’ve ever seen. these guys are out in the middle of the street and it looks like there was supposed to be a fight of some sort. because you know how fights are, they’re even better when they’re in the middle of a major road. out of nowhere someone lights them on fire. lights. them. on. fire. and they’re still in the middle of the road, running around like crazy where they may get hit by a car. nothing but absolute chaos and easily one of the most disturbing things i’ve watched since the casey anthony trial. what goes through someone’s deplorable brain when they’re thinking – well right about now is a great time to light these guys on fire. yup, let’s just toss this cocktail over on them and watch the men burn. who carries the items needed for a good molotov cocktail anyway? was this premeditated? it’s not like i have the items needed for a good cocktail laying around unless it’s a bloody mary on a sunday morning. back in the day, when people were a lot smarter and america was great, this would have been a lot different. if you see two people about to fight and they’re in the street, then the good people will make sure that the people fighting aren’t getting hit by a car. the good people used to make sure it was a fair fight and would stop the fight when it got out of hand. that was when people were a lot smarter and had more human nature to them. nowadays everyone whips out the cell phone and let’s a slightly bad situation turn into the worst possible situation just so they can grab a viral video out of it. no one cares anymore. time to start caring about people and stop lighting them on fire.",1,1,0.3239954811580673,0.6760045188419327
"when you look at what we have done over the last decade, we created 1 million jobs in the state of texas. at the same time, (the rest of) america lost 2.5 million.",0,0,0.7472519146530932,0.25274808534690685
"my campaign finished the last quarter reporting the most cash on hand of any republican in the field $13.8 million in the bank, $3.5 million more than the jeb bush campaign.",0,0,0.6219006405605982,0.3780993594394018
"when the necap proficiency test is re-given to the kids the second and third time, harder questions are taken out.",0,0,0.5416222169374418,0.4583777830625582
"current projections indicate that medicare will go bankrupt by 2017, while social security will bottom out by 2037.",0,1,0.41504543431031826,0.5849545656896817
"the clinton foundation took steps that went above and beyond all legal requirements and, indeed, all standard requirements followed by every other charitable organization.",0,1,0.32445155148722715,0.6755484485127728
"in arizona, there are only one and a half (border patrol) agents per every 10 square miles.",1,0,0.6695245596093806,0.3304754403906194
rhode islands state pension system underperformed the median three out of the four years that mr. [frank] caprio was in office.,0,0,0.5069528946049771,0.49304710539502294
global surface temperatures have been flat for 16 years.,0,0,0.5126966490449938,0.48730335095500626
says obama flip-flopped on withdrawing troops from iraq.,1,0,0.7282742444646029,0.2717257555353971
"says that from 1992 through 2010, every statewide candidate drawing over 43 percent of the vote in a republican texas primary won the resulting runoff.",0,0,0.8053974627519414,0.19460253724805868
"the wic program is an incredibly cost effective program, serving nearly 10 million americans each year and costing less than $100 per person. in my district, more than 18 percent of residents suffer from food insecurity and depend on wic to make ends meet.",1,0,0.8482509984799391,0.15174900152006093
says mitt romneys plan rolls back regulations on banks.,0,1,0.43859761061110014,0.5614023893888999
saypresident george w. bush borrowed $1.37 trillion of social security surplus revenue to pay for his tax cuts for the rich and his war in iraq and never paid it back.,1,0,0.5427581386643321,0.45724186133566785
"says new start, passed while clinton was secretary of state, is a treaty cutting russias nuclear arms.",0,1,0.41481855480880403,0.585181445191196
"because of president barack obamas failure to push job creation, the black unemployment rate in ferguson, mo., is three times higher than the white unemployment rate.",1,1,0.442721345171347,0.557278654828653
"nfl players are living, on average, longer than the average male.",0,0,0.7230536685362319,0.2769463314637682
says the vaccine to prevent hpv can cause mental retardation.,1,0,0.5157713702315517,0.48422862976844827
the auto companies have now repaid taxpayers every dime and more of what my administration invested in.,1,0,0.7228460733935528,0.2771539266064472
obamas job approval rating is up.,0,1,0.4764654627315601,0.5235345372684399
"as we near the 10th anniversary of the 9/11 terrorist attacks, we should not forget that some of the hijackers used new jersey drivers licenses to board those aircraft.",1,0,0.6609130160871755,0.3390869839128245
over 97 percent of the scientific community believe that humans are contributing to climate change.,0,0,0.6091623319540462,0.3908376680459537
a republican bill that would change john doe criminal investigations is creating exceptions in the law for politicians.,0,1,0.4441180560299396,0.5558819439700604
''i have received more contributions than any other candidate in the race republican or democrat.'',1,0,0.6260397562093558,0.37396024379064424
illegal immigration and the crime rate are as low as theyve been in decades.,0,0,0.5949643604677493,0.4050356395322507
congress is bewildered at the scope and reach of our spying apparatus but in 2008 and 2012 explicitly rejected an amendment calling for more disclosure.,0,1,0.4479573030183399,0.5520426969816601
says the simpson-bowles deficit reduction proposal urged raising $2 trillion in new revenue.,1,0,0.5076538076886858,0.4923461923113141
"after hurricane katrina, dallas and san antonio took in 5,000 to 10,000 refugees each, but (bill) white brought in 250,000 and put them up in his buddies empty apartment buildings and let the federal government pay their rents for over two years. they did not return to new orleans, most of them are on welfare.",1,1,0.420078210545641,0.579921789454359
"71k shares share this story new jersey’s despised republican governor chris christie is in scalding hot water as the top state legislators are now looking into filing articles of impeachment against him if he is found guilty of having orchestrated the closing of the george washington bridge in order to punish a political rival. christie has been ordered to produce personal emails related to the “bridgegate” scandal by a judge, as wnyc reports: the decision on impeachment will be up to democratic speaker vincent prieto and if he gives the go-ahead, the assembly judiciary committee would begin the process.it takes a majority of the 80-member assembly to vote articles of impeachment. if it passes the democrat-controlled body, the trial would be in the senate, where two-thirds of senators would be needed to convict. although democrats hold a majority in the senate, they would need three republican senators to join them if all democrats vote to convict. chris christie is also republican presidential’s nominee donald trump’s transition team chairperson. just four days ago, federal prosecutors pointed the finger at christie at the start of a federal trial involving three senior aides to the governor, accusing christie of being deeply involved in the political retribution plot to shut down the george washington bridge to new york city, which resulted in the death of one person in an ambulance as enormous traffic jams stranded hundreds of thousands of motorists on one of the world’s busiest bridges. governor christie was trump’s most authoritative surrogate, as well as the first major “conservative” republican endorser, in a move which most assumed meant that his political career was over inasmuch as his public service career now depended on trump’s benefaction. going from a multi-year flirtation with running for the highest office to endorsing trump last march in a widely mocked ceremony then represented a stunning level of political debasement coming from the governor. famously, chris christie once lied for two hours straight to a nationally televised press conference, which you can see below in its painstaking detail. it’s have cued it to 1:43 so you can watch the republican governor’s the flat out denial of any knowledge of bridgegate which he gave on january 9th, 2014, just two short months after his re-election, and four months after the scandal which delayed ambulances and emergency services. bridegate literally gridlocked an entire town. last week it was revealed that governor christie was actually informed personally about bridgegate at the 9/11 memorial ceremony in 2013 from his senior aides, and stood by, and did nothing, though his aides knew about it and called him out for lying to everyone in their electronic messages. the republican governor once thought to be the future of the party is about to be booted from office by his self-defeating act of lying about his administration’s bare knuckle political bullying. we will watch this story closely, and await the reaction of republican nominee donald trump the impeachment charges christie is facing, because the new jersey governor is one of the pillars of this year’s republican presidential campaign. watch his shame: add your name to millions demanding that congress take action on the president’s crimes. impeach donald trump!",1,0,0.7911015797338147,0.20889842026618535
americans now support strikes (against isis) but the support for ground troops is not there. the support is very thin.,0,0,0.573190078751012,0.4268099212489879
i campaigned on (the proposals in the budget repair bill for wisconsin) all throughout the election. anybody who says they are shocked on this has been asleep for the past two years.,1,1,0.3950912957187256,0.6049087042812744
"phoenix, arizona, im told, is now the no. 2 kidnapping capital in the world, right behind mexico city.",1,1,0.3374690155069475,0.6625309844930525
f: the grade given to florida for college affordability under jeb bushs leadership.,0,0,0.6628973251523149,0.3371026748476851
wisconsins dead last in midwest job growth.,0,0,0.5260115325435905,0.47398846745640955
"state budget cuts for local schools resulted in nearly 4,000 educator layoffs",1,0,0.6002127600425056,0.39978723995749443
"in 2011, carlos lpez-cantera staunchly supported a florida bill modeled after arizonas immigration law",1,0,0.654933736394761,0.34506626360523895
"fifa pressured brazil into passing a so-called budweiser bill, allowing beer sales in soccer stadiums.",0,0,0.6121761575526689,0.38782384244733115
says texas is last in workers compensation coverage.,0,1,0.49823007321473944,0.5017699267852606
says hillary clinton makes more per hour at a speaking gig than the average ceo does in a year.,1,0,0.5956469128285814,0.4043530871714186
people have a constitutional right to have semiautomatic rifles.,0,0,0.529731455257477,0.470268544742523
georgia is nearly 50 percent democratic and (the republican majority) diminished our voting strength to 32 percent through gerrymandered maps.,0,0,0.8736900172692043,0.12630998273079572
"for decades, the states gas tax has been among the highest in the nation.",0,0,0.7898255246885916,0.21017447531140845
says max carries 30 percent of evening rush-hour commuters traveling from downtown on the sunset and banfield freeways.,0,1,0.3793586020998585,0.6206413979001415
"pope francis uses a modest compact car to get around, while creflo dollar drives an expensive sports car.",1,0,0.7160943857693078,0.2839056142306922
"says according to the fbi, more people are killed each year with hammers and clubs than rifles.",0,1,0.35799028784494613,0.6420097121550539
"says a company that got tax breaks from the state later laid off 100 ohioans, even as its ceo cut a half-million-dollar check to kasichs super pac.",0,0,0.6705503182549584,0.3294496817450416
we know that every 85 visitors create one florida job.,0,1,0.35447759589011607,0.6455224041098839
"the 2011 rebuild america jobs act would have cost the average american family $1,000 a year while making no significant impact to fix our infrastructure and roads.",1,0,0.7316321913994203,0.26836780860057974
illegal immigration costs state taxpayers over $3 billion every year.,1,1,0.3351564457083517,0.6648435542916483
says saddam hussein had a 10-year relationship with al-qaida.,1,0,0.5111919581704077,0.48880804182959225
the president and vice president cant be from the same state.,1,1,0.31518108585699744,0.6848189141430026
i took the state of ohio from an $8 billion hole to a $2 billion surplus.,0,0,0.5000085502883831,0.4999914497116169
"the federal government only ordered bp to pay ""to do one of those six segments"" of sand barriers for louisiana.",0,1,0.4824342708731769,0.5175657291268231
"in florida, 300,000 people are going to lose their individual coverage because of obamacare. now those people next year, they dont have health insurance.",1,1,0.4479371330115236,0.5520628669884764
half of all hospitalized seniors are suffering from malnutrition so severe that it either caused their illness or it prevents them from getting better.,1,0,0.5204603342179498,0.4795396657820502
"the obama administration ""has been constrained by the oil pollution act of 1990, which basically gives the responsible party the lead role in trying to not only fix the problem, but contain the problem.""",1,1,0.37332539653311114,0.6266746034668889
this president has offered fewer executive actions than almost any other president preceding his presidency in recent history.,0,1,0.4114270965073741,0.5885729034926259
"the united states accounted for 26 percent of worldwide military spending during the cold war, but now accounts for 41 percent.",0,0,0.5700806831304768,0.42991931686952317
crime is down in arizona.,0,1,0.4710872722015139,0.5289127277984861
says george soros and bill gates are funding a bioweapons lab in sierra leone that caused the ebola outbreak.,1,1,0.3638980471553298,0.6361019528446702
president obama is actually increasing bush-era defense spending by $21 billion in the new fiscal year.,0,0,0.5975231962904715,0.4024768037095285
"floridas proposed amendment for medical marijuana would allow people who alleged minor ailments such as muscle spasms, neck pain, back pain and even menstrual cramps (to qualify) for government-sanctioned pot-smoking.",0,1,0.383788851093943,0.616211148906057
46 percent of women between the age of 16 to 24 despise sexual contact in japan.,0,0,0.6696574282853531,0.3303425717146469
russia and china absolutely said clearly they would not keep economic sanctions on iran if the united states walked away from the deal.,0,1,0.36925498580588945,0.6307450141941106
says he balanced the budget without raising taxes.,1,1,0.46738529161999254,0.5326147083800075
hillary clintons international travels included no serious diplomacy.,1,1,0.37248169279565657,0.6275183072043434
the proposed gogebic iron ore mine is just up the hill from the apostle islands national lakeshore caves along lake superior.,1,1,0.47684261443662423,0.5231573855633758
"(brendan) doherty wants to raise the eligibility age for social security benefits for anyone born after 1960, with no regard for the challenges it would cause for people working in physically demanding occupations.",1,1,0.3373105061654377,0.6626894938345623
says he voted no on the wall street bailouts.,1,1,0.3281474916009506,0.6718525083990494
"if the state turns down money for high-speed rail, it will kill nearly 10,000 permanent wisconsin jobs.",1,1,0.4102006243066798,0.5897993756933202
"there are no rules governing the 2016 republican convention, the rules have not been set.",0,0,0.5420079733488411,0.4579920266511589
"says that before rick perry became governor, only 4 percent of our total labor force was a minimum wage job ... today, that number has more than doubled (to) 9.5 percent.",0,0,0.7688420678267032,0.2311579321732969
"says ron saunders made the choice to stand with rick scott on expanding school vouchers, restricting scholarships and giving tax breaks to the wealthy.",1,1,0.4059644787612333,0.5940355212387667
"there are 850,000 ohio jobs tied to the auto industry.",0,0,0.6989580926196886,0.3010419073803114
"the tax on job creating businesses is 35 percent in the united states, second worst in the entire world.",0,0,0.741781906872949,0.258218093127051
"cleveland — donald trump campaigned wednesday morning in a church in a historically african-american community and sold himself as the candidate who could fix the problems of urban america. within hours, trump was proposing a vast expansion of “stop-and-frisk” policing policies that have proved explosively controversial in black communities for encouraging racial profiling. it was just another day in trump’s up-and-down black outreach campaign undertaken to wash away the stain of racism charges lobbed at him by hillary clinton and the democrats. story continued below the effort has taken trump from a black church in inner-city detroit earlier this month to addressing largely white audiences in rural north carolina where, on tuesday evening, he proclaimed in a small town named after a slaveholder that black communities ""are absolutely in the worst shape that they’ve ever been in before, ever, ever, ever."" on wednesday, trump hit the campaign trail with former boxing promoter don king — who dropped the n-word before a group of pastors at a cleveland church while extolling trump as a “gladiator.” king hailed trump as the rare candidate who would overthrow the existing political system under which minorities have suffered. “the system is the problem, and he’s the only gladiator that will take on the system,” king said. after the church event, trump sat for a “town hall” with fox news host and unabashed supporter sean hannity. asked by an audience member what he would do to address “violence in the black community,” trump embraced stop-and-frisk. “we did it in new york, it worked incredibly well,” trump said. fierce opposition to that policy in minority communities was among the issues that bill de blasio rode to prominence and, ultimately, the mayor’s office. but even before trump’s stop-and-frisk comments, he was taking heat for his “ever, ever, ever” remark tuesday night. “i don't know what mr. trump is talking about to say that the situation for african-americans is worse than it's ever been,” rep. john lewis, the democratic civil rights icon, said wednesday on msnbc. “is he talking about worse than slavery? worse than the system of segregation and racial discrimination — when we couldn't take a seat at the lunch counter and be served? worse than being denied the right to register to vote, to participate in the democratic process and live in certain neighborhoods and communities?” trump’s polling numbers among african-american voters have been dismal — in the low single digits — and some believe his outreach to black voters is as much about convincing moderate white voters, particularly women and those in the suburbs, that he is not racist. trump regularly brings up his outreach to blacks — “what do you have to lose?” he says — to largely white audiences. at the new spirit revival center in cleveland, trump assembled an eclectic kitchen cabinet of some of his closest advisers to attest to his beliefs before a diverse crowd. seated to trump’s right was mike pence, his soft-spoken running mate. to his left, outspoken longtime attorney michael cohen. behind him: king (“there’s only one,” trump said), former presidential rival ben carson (“tough”), retired lt. gen. michael flynn (“a tough general”) and former ""apprentice"" star omarosa manigault (“a wonderful woman”), who has helped with trump’s black outreach. “i’m different from a lot of republicans, frankly,” trump said from the pulpit. trump, who has called himself the “law and order” candidate, criticized the police officer who shot an unarmed black man in oklahoma last week. trump said he had watched the video and that the officer may have been “choking” in the fatal shooting. trump has mostly defended the police in such incidents. ""now, did she get scared? was she choking? what happened? but maybe people like that, people that choke, people that do that, maybe they can't be doing what they're doing, ok?” king, whom top gop officials had pushed not to speak at the republican national convention due to a past manslaughter conviction, was given the prime slot of introducing trump at a forum billed as a pastors leadership conference. king, clothed in a sparkling jacket and clutching the flags of israel and the united states, argued repeatedly that “the system” had oppressed minorities and women and only trump can upend it entirely. “every white woman should cast a vote for donald trump,” said king, who also went on an extended riff about the struggles of african-americans. “i told michael jackson, i said if you're poor, you're a poor negro — i would use the n-word — but if you rich, you are a rich negro; if you are intelligent, intellectual, you're an intellectual negro; if you're a dancing and sliding and gliding n-----, i mean, negro,” king said. when trump took his turn at the pulpit minutes later, he grinned, “ah, there’s only one don king.” before king, cohen, trump’s attorney, used his time at the church to slash at the “disgusting, liberal, mainstream media” and its casting of trump as a “racist.” “the word of the 2016 election has somehow become ‘racist,’” cohen complained. “i’ve lost count as to how many times the disgusting, liberal, mainstream media have attempted to label mr. donald trump as racist, a xenophobe and a bigot. and let’s not forget, sexist, misogynist, narcissist, islamophobe, anti-hispanic, anti-semite demagogue. and countless others. it’s disgraceful.” cohen said, “not only is donald trump not a racist, he believes that all people are part of one race: the human race.” trump insisted that democrats had abandoned black voters, and that he wouldn’t. “they come and they take your vote,” trump said, “and they say they’ll see you in four years.” authors:",0,0,0.5693108221536347,0.43068917784636523
"according to the cdc, 110 million americans now have a sexually transmitted illness.",1,0,0.6965577065884326,0.30344229341156737
abraham lincoln visited and some say even danced in (the ohio senate) chamber.,0,0,0.6243172967003122,0.3756827032996878
"in every poll, john cornyn always loses to any conservative the voters have heard about.",1,0,0.5340587117839589,0.4659412882160411
"i am the only candidate who ran in either primary who said, i will not raise taxes on the middle class.",1,1,0.4950717142176032,0.5049282857823968
tell me what madeleine albrights position was on the war on iraq. i wouldnt be surprised if she supported it.,1,1,0.33177671375119233,0.6682232862488077
greenlight pinellas wont take existing lanes from other vehicles.,1,1,0.29531749340110436,0.7046825065988956
"national debt plus unfunded liabilities adds up to $520,000 per american household.",0,0,0.7041926056904793,0.29580739430952074
"chicago public schools lead the country in high school graduation of an urban school system, match the united states of america in kids graduating high school going on to a four-year college, and are producing eighth-grade leaders in the country in math gains, fourth-grade leaders in reading gains.",0,0,0.6213556636698673,0.3786443363301327
"says sen. rob portman says ted strickland earned $400,000 a year as a lobbyist after leaving ohio for washington.",0,0,0.5561917473702167,0.44380825262978335
it is a commitment voters take very seriously: the only incumbent in ohio to break his pledge and vote for ted stricklands income tax hike was defeated soundly on tuesday.,0,0,0.5718678940732775,0.4281321059267225
"nathan deal cut the hope scholarship program so that literally 100,000 georgians will not be able to go to college or get technical training that they so badly needed to raise -- you know, give them a chance at a good job.",0,0,0.5015905868020536,0.4984094131979464
says charlie crist is embroiled in a fraud case for steering taxpayer money to a de facto ponzi scheme.,1,1,0.27009869994332547,0.7299013000566745
romneycare was model for obamacare.,0,1,0.20435382304558547,0.7956461769544145
says romney said we should ask pakistan for permission to take a shot at osama bin laden.,0,0,0.5200026160811759,0.47999738391882407
"its a good sign for obamacare that in california, the proportion of kids who are signing up is the proportion of kids in the population.",0,1,0.22806627633392518,0.7719337236660748
"you know, we spent $3-million to study the dna of bears in montana.",0,0,0.5608487740661229,0.4391512259338771
governors proposed budget raids k-12 school funds to grow dhs again.,1,0,0.6712363464263944,0.3287636535736056
"walking in the door (sonia sotomayor) would bring more experience on the bench, and more varied experience on the bench, than anyone currently serving on the united states supreme court had when they were appointed.",0,1,0.37304519366104993,0.6269548063389501
2014 midterm election spending by the left and the right are both equal.,0,1,0.4912937231773965,0.5087062768226035
house republicans just passed a bill that makes it legal for single mothers to be fired by their employers.,1,0,0.5949078068705709,0.40509219312942907
only 2 percent of public high schools in the country offer pe classes.,1,0,0.6485954260279332,0.3514045739720668
"says ted strickland in this campaign bragged about his a-plus rating with the nra. ... he has said he has a mixed and spotty record on this issue and that he can be criticized for it. those are his words, not mine. so i dont know where he is on this issue.",0,1,0.4266028651326932,0.5733971348673068
"400,000 oregonians have gained access to health care through the affordable care act.",0,0,0.5727362745457002,0.4272637254542998
says republicans want to cut education by 25 percent.,0,0,0.5592632467157213,0.44073675328427875
"when president obama landed in cuba on air force one, no leader was there, nobody, to greet him -- perhaps an incident without precedent in the long and prestigious history of air force one.",0,0,0.5454368349846858,0.45456316501531424
the amount of money that we put into running our own state legislature is nearly as much as we put into the university of rhode island.,1,0,0.5061981317617694,0.4938018682382305
"in states where beer is unregulated, the per capita production is significantly higher.",1,0,0.6410392890578296,0.3589607109421704
we were promised. the president said we would keep unemployment under 8.5 percent (if the stimulus passed).,1,1,0.21370596304810308,0.7862940369518969
large phone companies and their trade association have hired 35 registered lobbyists to influence and pass sb 271 (deregulation legislation).,0,0,0.591118086459493,0.40888191354050696
says barack obama began his presidency with an apology tour.,1,1,0.2245118952238584,0.7754881047761416
white house spokesman robert gibbs lied when he said president obamas birth certificate is posted on the internet.,1,1,0.22288213599826656,0.7771178640017334
barack obamas recess appointment of richard cordray is precisely what then-sen. obama claimed would be the wrong thing to do.,0,0,0.5121740335446661,0.487825966455334
i am the first latina to run for governor of texas.,1,1,0.48370795913121944,0.5162920408687806
says new jerseys public school students have the best advanced placement scores in the nation.,0,0,0.5047959037499552,0.49520409625004486
a substantial number of probationers participating in a pilot project to ease the farm labor shortage are able to finish the work.,1,1,0.45673488681206065,0.5432651131879394
says wisconsin assembly republicans voted to repeal a law that ensures that women cannot get paid less than a man for doing the same job.,1,1,0.3134352680299993,0.6865647319700007
i have never voted for a tax increase.,1,1,0.2810846310927759,0.7189153689072241
"hillary's main extracurricular activity in law school was helping the black panthers, on trial in connecticut for torturing and killing a federal agent.",1,0,0.5242788462364041,0.4757211537635959
thom tillis cut almost $500 million from education.,0,0,0.7055783462368872,0.29442165376311275
mark warners record is one of acting against the keystone xl pipeline.,1,1,0.46207544539790435,0.5379245546020957
"you know, when this thing first hit, i signed a declaration of emergency for the six counties that were directly affected, impacted in the panhandle, then i extended that not long thereafter down into sarasota county.",0,1,0.4383226284908186,0.5616773715091814
warren buffett says stop obamacare now and start over.,1,1,0.21970577179904194,0.7802942282009581
says nevadans will have a double-digit hike in their obamacare premiums for the year and 10 of nevadas 16 counties will only have one obamacare...exchange insurer,0,1,0.2851735726525134,0.7148264273474866
the washington d.c.-area never has a recession.,1,1,0.4598145901882793,0.5401854098117207
says potential gop u.s. senate candidate tommy thompson supported obamacare,0,0,0.6286854285077477,0.3713145714922524
says edward snowden could have gotten all of the protections of being a whistleblower.,1,1,0.23756202454147646,0.7624379754585235
"""he didn't ask her about a lot of things she should have been asked about,"" donald trump said about lester holt. | getty post-debate, trump team hits moderator holt for 'some hostile questions' donald trump and his campaign complained tuesday morning that debate moderator lester holt targeted him for unfair questioning while neglecting to ask hillary clinton about any of her various scandals. “they were leaving all of her little goodies out. they didn't ask her about, you know, much,” trump said on fox news’s “fox and friends.” “but i was asked about my tax returns, which i've told about 500 times. but, you know, i think i did — i think i really did well when we were asked normal questions. i think i did really well in answering those questions, but those questions are not answerable in a positive light.” story continued below still, trump was upbeat overall about the debate, which he said “went really well” despite “some hostile questions.” the manhattan billionaire gave holt a c+ for his performance as moderator, praising him for his issue-based questions in the first 45 minutes of the debate but attacking him as biased for a series of more direct questions about a housing discrimination lawsuit filed against trump’s real estate company in the 1970s, even though it was clinton who brought up the justice department lawsuit. “i didn’t think he did a bad job. you know, when you look at it, you watch the last four questions, he hit me on birther, he hit he on a housing deal from many years ago that i settled with no recourse and no guilt. he asked me about that,” trump said. “that's a beauty to be asked, you know, 40-year-old lawsuit, or older. i just hate to say it’s older because then you’ll know, then [fox news anchor ainsley earhardt] will say “’wow i didn’t know trump was that old.’ hey, she’ll be unimpressed.” “well, he didn't ask her about the emails at all. he didn't ask her about her scandals. he didn't ask her about the benghazi deal that she destroyed,” he said. “he didn't ask her about a lot of things she should have been asked about. i mean, you know, there's no question about it. he didn't ask about her foundation.” attacking holt became a running theme from trump's campaign tuesday morning, as both his running mate and campaign manager took to the morning shows to criticize the moderator. ""i was disappointed that lester did not get into some of the issues that had been in so much of the forefront of hillary clinton’s candidacy – the fbi investigation, pay to play, the whole disastrous events that took place in benghazi and libya – that never came up,"" gop vice presidential candidate mike pence said on good morning america. trump's campaign manager kellyanne conway took a similar line, saying on cnn tuesday that there were topics she wished holt would have raised. “i just would have liked to have heard more about benghazi or e-mails or the clinton foundation since these are very clearly in the news,"" she said. ""you know, one of our guests last night was mark geist, not mark cuban, mark geist, who's a benghazi hero and survivor. and you know, he was within several feet or yards of them and i think it's a good reminder to be americans of what her record is on that particular issue."" while the republican nominee insisted that he had outperformed clinton at the debate, he said that he struggled throughout the night with a defective microphone that made him difficult to hear for the audience in the debate hall. trump suggested that perhaps his microphone, which he said worked perfectly earlier in the day, had been tampered with. “i had a problem with a microphone that didn't work. i don’t know if you saw that in the room, but my microphone was terrible. i wonder, was it set up that way on purpose,” he said. “my microphone, in the room they couldn't hear me, you know, it was going on and off. which isn't exactly great. i wonder if it was set up that way, but it was terrible.” asked if clinton had successfully managed to get under his skin during their 90-minute back-and-forth, trump said she had not until the end of the debate, when the former secretary of state brought up miss universe winner alicia machado, who trump called “miss piggy” and “miss housekeeping” because of her latin heritage. addressing trump directly about the name-calling, clinton said, “donald, she has a name. her name is alicia machado. and she has become a us citizen and you can bet she is going to vote this november."" “i know that person, that person was a miss universe person, and she was the worst we ever had. the worst, the absolute worst. she was impossible, and she was a miss universe contestant and ultimately a winner who they had a tremendously difficult time with as miss universe,” he said. “she was the winner, and, you know, she gained a massive amount of weight, and it was a real problem. we had a real problem. not only that, her attitude, and we had a real problem with her, so hillary went back into the years and she found this girl. this was many years ago, and found the girl and talked about her like she was mother teresa and it wasn't quite that way, but that's okay. hillary has to do what she has to do.” authors:",0,1,0.37676332262244216,0.6232366773775578
"under a public health care option, 120 million americans will lose what they now get from private companies and be forced onto the government-run rolls as businesses decide it is more cost-effective for them to drop coverage.",1,1,0.4101696668353889,0.5898303331646111
terry mcauliffe has threatened to shut down virginias government if his budget plan isnt supported.,1,1,0.26020109094067045,0.7397989090593295
"jeff mann has an ethics complaint against him alleging he used county workers for campaign work, which is an indictable offense.",0,0,0.5339868829697609,0.466013117030239
"47 - new provisions obamacare charges the irs with implementing, according to the government accountability office.",0,1,0.2615505084833609,0.7384494915166391
took on the olympics and turned them around,0,0,0.5532156016876904,0.4467843983123096
i started the whole year as a senior on the university of illinois football team and led the team in interceptions and tackles from defensive back.,1,0,0.5460104253059153,0.45398957469408474
(mccain) was opposed to ethanol. now he's for it.,0,0,0.7238342939151684,0.2761657060848316
"these steps (a middle-class tax cut, national health care plan, foreclosure prevention fund, social security fix and more) are all paid for.",1,1,0.2443406432901526,0.7556593567098474
"says the health care reform bill was paid for, in part, by taking money from students and the student loan system.",0,1,0.34605655279051895,0.653943447209481
the confederate battle flag in south carolina was first flown at the statehouse in 1961.it was flown as a symbol of massive resistance to racial desegregation.,0,0,0.6085916993007578,0.39140830069924215
says nick rahall voted with obama 94 percent of the time.,0,0,0.5540348854408995,0.4459651145591005
2014 federal tax refunds to be delayed until october 2015.,1,1,0.47160248086221235,0.5283975191377877
"congress shoveled $700 billion into the troubled assets relief program, $325 billion of which has been spent without purchasing any toxic assets.",0,0,0.6910229659901248,0.30897703400987525
says one of the states largest governments made charging this tax one of their top priorities just this year.,1,0,0.5506429586256706,0.4493570413743294
"the federal budget bill reauthorizes the overseas private investment corporation, which provides taxpayer dollars so that the four seasons hotel can build a resort in turkey.",0,1,0.45302244335075137,0.5469775566492486
says a canadian provincial prime minister came to ohio for his medical treatment because of the delay in canadian health care which would have endangered his life.,1,1,0.3277008138722135,0.6722991861277865
"after filing a lawsuit in rhode island, we reached an agreement with state agencies that resulted in more voters being registered in the first full month after our lawsuit than in the entire previous two-year reporting period.",0,0,0.6185288430561697,0.3814711569438303
says hjm 20 was the only bill not assigned to a house committee.,1,0,0.5722202951195834,0.4277797048804166
50% of hispanic students count on pell grants to pay for college.,0,0,0.7026989396507792,0.29730106034922077
the denver post has actually hired an editor to promote pot.,1,0,0.6947487247199555,0.30525127528004453
i am now the no. 2 member of this house in terms of length of service.,0,0,0.736576344754093,0.2634236552459071
"statistics show that more people at this time telecommute than they ride carpools, mass transit, bicycle or walk.",0,1,0.44294967447719,0.55705032552281
obamas dog has his own plane,1,1,0.3688958252938269,0.6311041747061731
mayor fung wants to punish our childrens education by removing 12 million dollars from current funding to pay for his private charter school. your taxes would increase by between 6 and 8 percent per year.,1,0,0.6412450508856633,0.35875494911433664
says more than 2 million oregonians have received important medical services because of his health plan.,0,1,0.39882691736991605,0.601173082630084
tim kaine announced he wants to raise taxes on everyone.,1,1,0.27490275772366457,0.7250972422763354
our federal government has lent $2 billion to the state-owned oil company of brazil to allow them to explore for oil and gas.,1,0,0.6755910630565147,0.3244089369434853
says marcorubio voted to slash school funding by billions of dollars and would eliminate the department of education.,0,1,0.46896908522215064,0.5310309147778494
georgia has one of the nations highest jet fuel taxes.,0,0,0.8572583094888409,0.14274169051115917
"when i was mayor of new york city, i encouraged adoptions. adoptions went up 65-70 percent. abortions went down 16 percent.",0,1,0.48219839298942047,0.5178016070105795
the government is going to have the right to get into your bank account with the health care bill and make transfers without you knowing it.,1,1,0.24999436381439133,0.7500056361856087
"for now, we are still below average in the metro region.",0,0,0.7483063882984398,0.25169361170156024
the fbi is involved in an investigation about people in the rio grande valley who are using cocaine to buy votes.,0,1,0.3455066241696607,0.6544933758303393
wisconsin is below the national average in wage growth and job growth.,0,0,0.5749692609647826,0.4250307390352174
wisconsin women are paid 81 cents to the dollar of a man doing the same job.,1,0,0.5726856896512531,0.42731431034874695
"since being elected, (tom barrett) has dumped 8.2 billion gallons of raw sewage into lake michigan.",1,1,0.4657280972437179,0.5342719027562821
"a family of four can make up to $88,000 a year and still get a subsidy for health insurance under the new federal health care law.",0,1,0.4061558312272969,0.5938441687727031
the 2006 massachusetts health care law has added (only) about 1 percent to our state budget.,0,1,0.42733429840287973,0.5726657015971203
"since (welfare reform) was signed into law, the number of families living in extreme poverty has more than doubled.",0,0,0.7324736118851021,0.26752638811489793
millennials will be 75 percent of the workforce in the next 10 years.,1,0,0.583586632729091,0.41641336727090905
we got a million jobs.,0,0,0.6214937476016984,0.37850625239830155
tim kaine made virginia the best state for business four years in a row.,1,0,0.5035459547513588,0.4964540452486412
the first installment of health care reform ... will raise the deficit by $250 billion.,0,1,0.3263847085857191,0.6736152914142809
"the z-visa that was offered in that senate bill let everybody who's here illegally, other than criminals, stay here for the rest of their lives.",1,0,0.5203540525271029,0.47964594747289707
"thirty million americans, including a lot of people in florida, are going to be able to get healthcare next year because of that law.",1,0,0.816066316509886,0.18393368349011402
"and by the way, when i was governor, i did make the payment into the pension fund.",0,1,0.4637601297221938,0.5362398702778062
budget analysts say the looming tax hikes and spending cuts would take us into a recession and kill jobs.,0,1,0.26201736122918073,0.7379826387708193
the treaty of tripoli signed by president john adams was his outreach to muslims.,0,1,0.20197282972678288,0.7980271702732171
"says ron johnson is benefiting from several super pacs, i am not.",1,0,0.554314691019993,0.44568530898000697
the stock market does better when you have a democratic president in the white house.,0,1,0.22569093999403533,0.7743090600059647
signs letter saying consumer product safety commission is acting without consultation or input from the company to stop the sale of buckyballs.,1,1,0.42547952895718677,0.5745204710428132
"the obama-gop compromise raises taxes, it raises the death tax.",1,1,0.41404014441771575,0.5859598555822843
"you can hire lots of bureaucrats. thats what the presidents done. hes added 135,000 people to the government workforce.",0,1,0.42703972755234887,0.5729602724476511
bruce rauner is of record that he will fully support the trump candidacy. its documented. its available.,0,1,0.4477168780662929,0.5522831219337071
"says his elections proposal would allow a potential of 168 hours (of early voting), which i think is the most weve ever had.",0,1,0.46279051368146407,0.5372094863185359
"if you like your health care plan, you can keep your health care plan.",0,1,0.22596178293134728,0.7740382170686527
says with gov. chris christie and bipartisan reformers new jersey had the most job growth in 11 years.,0,0,0.5377855103827278,0.4622144896172722
"republican (small business tax cut) bill spends $80 million for better google searches, not job creation",1,0,0.7787837566485951,0.22121624335140488
most of the bush tax cuts went to people in the top 3 percent of this country.,0,0,0.6569949267168489,0.3430050732831511
president obama once said he wants everybody in america to go to college.,1,1,0.34592894926220785,0.6540710507377921
"john mccain and george w. bush want to spend ""a trillion dollars in iraq over the next 10 years.""",0,0,0.7408121728367809,0.25918782716321903
"every poll you see, the overwhelming majority of people want [e-verify].",0,1,0.4904154069104397,0.5095845930895603
the national unemployment rate has been above 8 percent for a record 36 months.,1,0,0.7574942895499702,0.24250571045002975
"when i started in ohio it was terrible. now, were getting bipartisan support for our bills. and thats called leadership.",0,0,0.6289333240746341,0.3710666759253659
"in virginia, people are going and getting marriage licenses who are 12 and 13, and 14 and 15 years old.",0,0,0.5284096002166092,0.47159039978339073
i was pretty proud of being the only guy on the stage that ever had a job in the private sector.,1,0,0.5847388489920615,0.41526115100793853
seven out of the 10 states with the lowest unemployment rates (have) republican governors that approach that republicans are using is working.,0,0,0.7408718992386509,0.2591281007613491
documents released from the soviet union show the soviet union started treating president ronald reagan more seriously after reagan fired the air traffic controllers.,1,0,0.5409696283975802,0.4590303716024197
zika mosquitoes cant catch me.,0,1,0.3784712893178285,0.6215287106821715
i think we came down here (to florida) one time ... but we weren't actively fundraising here.,1,1,0.4184585037565902,0.5815414962434098
"congressman cicilline, when he was the mayor of providence, espoused a sanctuary city.",1,1,0.30642062834104145,0.6935793716589586
"under the federal controlled substance act, marijuana is listed in the same schedule i as heroin, even though marijuana is not a killer drug like heroin.",0,0,0.5469408232846482,0.45305917671535173
says u.s. rep. steve southerland voted to keep the shutdown going.,0,1,0.2221538065500992,0.7778461934499008
"january through november 2014, the year so far, were the hottest first 11 months of any year recorded.",0,0,0.6372900181429184,0.3627099818570816
the budget for the consumer financial protection bureau is only about 1 percent of the amount banks generate just from late fees and overdraft fees.,0,1,0.46967314225104706,0.5303268577489529
"says democrat hank gilbert has a criminal conviction for theft, has multiple years of unpaid taxes, has multiple tax liens and fines, unsafe driving convictions (and) has recently been accused of taking a bribe and is on record lying to the press this year about his criminal record.",0,1,0.4372998527893692,0.5627001472106308
governor scott cut taxes 40 times for florida families,0,0,0.7786462961838728,0.22135370381612718
more people without health care since george bush took office; more children in poverty since george bush took office.,0,0,0.6364201361596857,0.3635798638403143
anyone can die of a toothache.,0,1,0.34858337111181315,0.6514166288881869
